pid,polarity_positive,polarity_negative,polarity_neutral,star_ratings
b78b8374-6a9e-4178-a748-70b7a4f114ba,0.7124653235077858,0.20021631568670273,0.0,4
95dde865-2ae6-4d5c-8dab-2e32bd9196c3,0.36529189348220825,0.4866616129875183,0.0,4
b49204e2-f159-404c-9d4e-ae54b08359d0,0.5684713572263718,0.2296852171421051,0.05039318650960922,3
63c47918-6fc0-46e1-a5d4-e7cf2e870aee,0.5821970924735069,0.22969970107078552,0.04478924348950386,3
a22bd4eb-2f1b-4b46-8c7f-429070e2dbaf,0.3707177937030792,0.5536927282810211,0.0,0
1d64b0dd-0705-4420-9742-fd61d7ce45e9,0.7182258293032646,0.11345616728067398,0.06118042767047882,1
3d31615b-b7a9-473a-b23f-e2f8d7215f4f,0.3504917547106743,0.4378451108932495,0.0467119999229908,1
ca727967-5bf6-4c0b-bfba-41731dc5e34b,0.9587717428803444,0.0,0.0,2
387eb564-1bd6-4005-9540-0399161f4bfd,0.45043860375881195,0.46439965069293976,0.0,2
64591a6b-ae48-47f5-a3c7-cceb78ba94dc,0.7354465201497078,0.20788885653018951,0.0,3
a3d4ef6f-bfd3-4c85-b6ea-50e08454e57c,0.6832703128457069,0.2287612184882164,0.0,5
1d496e93-d705-4d38-bc46-fbb9de339364,0.8217790424823761,0.11081797629594803,0.0,0
23cb0842-f604-42fd-b482-e95e3c828eb3,0.6402462273836136,0.23235991597175598,0.0,5
c805a5d1-5eff-476d-a23b-3303e3e6fdeb,0.9376557394862175,0.0,0.0,3
1731b287-3388-4712-850f-b159e946942b,0.9125788919627666,0.0,0.0,5
0ebeaad0-ee1b-4e24-b43c-ecce014f0ed6,0.45357707142829895,0.4521656483411789,0.0,1
b5786831-cd98-4ed9-ac50-52c87cf62009,0.7401581183075905,0.20835714042186737,0.0,4
7c956f2b-0db2-4fa2-a736-15e24f3435b6,0.6459701657295227,0.201966792345047,0.0,1
0b93cb6f-7149-41f8-86f4-44d87afe9daa,0.5908966064453125,0.2869325429201126,0.0,0
0e51dfcd-4d74-441a-8a80-cd3c9876a861,0.49291614443063736,0.2632726654410362,0.052291691303253174,0
71e2781c-4075-495a-83af-699f366ff0b5,0.7257364317774773,0.17171813547611237,0.0,5
c7e7e92f-3de1-49b3-b778-5e1acf05baba,0.856509156525135,0.11794498562812805,0.0,0
ddcb867f-4cff-409a-ad25-ae33f1d2ddf1,0.5970233753323555,0.3234829753637314,0.0,4
03845e89-61f6-40a0-bb2a-474d5d0c41f7,0.4894235357642174,0.31257389113307,0.0,3
cbada781-a59d-4f47-b337-8cc6d1567fd5,0.48998143523931503,0.44746458530426025,0.0,4
c55bbda8-c80c-4bea-b0a8-00ac3b2a5b4e,0.4635479524731636,0.3099454492330551,0.05039318650960922,4
3dc2793b-78c8-410d-a141-18d9b17cfef5,0.41972412541508675,0.20361635833978653,0.11124951392412186,5
9a1b5d2d-ae33-416e-8e0a-ebb71e8d6162,0.5239698700606823,0.28719422221183777,0.0,4
8750590e-68cf-4200-8486-b8917bf93993,0.7178388088941574,0.185626320540905,0.0,0
b76edd99-ea9d-4f3a-acbc-f04ae6e10be2,0.6830926835536957,0.19905246049165726,0.0,3
e52a1361-5200-41e1-a30e-f0395dd1de06,0.5806827545166016,0.2124054655432701,0.05936691164970398,3
144e0561-a4f1-4616-a058-0d734b14eafb,0.8618063032627106,0.08503489941358566,0.0,4
06b93203-ea71-4a9a-b579-4def4a501a56,0.7364268749952316,0.18288489431142807,0.0,5
42d66255-5723-4399-b86c-ee64afe582ad,0.5885746628046036,0.18907786160707474,0.05039318650960922,1
0ee37ef7-c5da-465f-8bcf-73466cbc23ec,0.597856417298317,0.33049529790878296,0.0,3
1be8e449-f521-428e-9072-2e945b4b37d5,0.8194846510887146,0.10154031217098236,0.0,2
1636c7e7-245d-4986-aded-cfdd1fc3d42b,0.5820291042327881,0.17975551262497902,0.04478924348950386,0
b5df4667-d842-46d5-ac32-0cd91e249743,0.5918655022978783,0.34410787373781204,0.0,3
389eb6ba-a398-468d-8e29-b3cde2b86a77,0.6791679039597511,0.21636264771223068,0.0,2
e5a0a6ad-bfd7-48d2-8db6-a658fb725f86,0.7374917790293694,0.17688845098018646,0.0,1
f4e98f43-aa59-40cc-9636-33ea3d0cac2b,0.7002458497881889,0.17317644134163857,0.0,2
b4d79863-b380-4f70-87fd-57e2e54cdee8,0.6150659546256065,0.3261033743619919,0.0,2
e4b80313-d096-4ac4-9dd1-4a2767d40415,0.24728889763355255,0.4815649688243866,0.060307517647743225,1
08622181-bbae-4161-8565-2f8a0933e72d,0.4712734743952751,0.22567281126976013,0.11306580156087875,2
451a1751-0674-456f-9c96-71f2b6690358,0.3354317769408226,0.4440172165632248,0.056158680468797684,3
b4ca34c4-0966-4d4f-8feb-120bd9e3605f,0.4849909543991089,0.40898963809013367,0.0,3
9b79139b-6848-40d5-a0cd-22556887bcaf,0.5894801765680313,0.337017759680748,0.0,5
392c9f29-03c2-4178-99fc-89e5b30aff89,0.32564643770456314,0.5247047916054726,0.0,4
4bcf69f8-354b-44cd-9a77-4074a0c2cd4c,0.36753419041633606,0.4882761389017105,0.0,1
501b96ac-776c-4796-b2de-f41b34066123,0.5107997916638851,0.34769225120544434,0.0,0
9ed35569-c648-4f62-886e-15049f02e52b,0.48142193257808685,0.3102659583091736,0.05039318650960922,0
72deb0b9-6ed2-431c-a8f0-4ca91ea84052,0.6135576516389847,0.33488868176937103,0.0,4
94f86580-1e83-4e4d-9058-8aca55dd6b85,0.7292443662881851,0.18984411656856537,0.0,0
394e5a17-70fa-4612-8f87-4c6d4aec1627,0.5711957439780235,0.3229888156056404,0.0,1
2f093d86-3c20-4f3d-b916-d619c666b5e9,0.9596633091568947,0.0,0.0,1
05169073-0cf1-40de-9f86-5fdaa346ea9d,0.5719434842467308,0.32853367924690247,0.0,1
be0faa36-6799-43d3-aad8-9b5b82b14f02,0.9360578954219818,0.0,0.0,0
b9f72bf5-814c-47a5-89d9-5561cf638535,0.816459633409977,0.10424403846263885,0.0,2
2f7cc176-90a9-406c-b144-755f76e39c9b,0.72215835750103,0.1805155724287033,0.0,3
5c2119dc-5671-4b00-a98c-9fb46d62b9fb,0.47639109194278717,0.22067762166261673,0.11157361418008804,4
7aced634-2b34-4d04-91bc-d0e36ea30746,0.6132109239697456,0.3514065816998482,0.0,5
1691639a-4b9b-44c1-ad1d-e6b44cc12423,0.5978499054908752,0.3420271500945091,0.0,4
d0edace1-fd26-455c-ad8f-8f3d442ec394,0.5050710402429104,0.31421060115098953,0.0,2
2877e76a-fdc8-4de2-b32d-024ad163b6bc,0.5376235917210579,0.2784818261861801,0.0,4
ed707a99-5afb-4daa-bf14-b6ed610f47c9,0.5760855674743652,0.3331359103322029,0.0,3
58746e8e-e435-401e-8e22-16d2d574c7f2,0.7037838995456696,0.19286514073610306,0.0,5
d08f80f4-97d3-4258-8c94-7a1006a0403d,0.4884412959218025,0.3397029712796211,0.05936691164970398,5
25f392c7-1fe6-42dd-89c8-8bb455341159,0.61663006991148,0.34929943084716797,0.0,4
c871e735-8d97-465d-8ae7-8f4f4c8ef532,0.6143822744488716,0.3505803793668747,0.0,3
3e238c3c-ad71-43b4-9fca-3fbc3d7f9b15,0.8321117162704468,0.11624068766832352,0.0,4
35764de7-0d0e-4a63-9330-862c3296b87f,0.8321398422122002,0.10468833148479462,0.0,2
dcf5c6b6-c5e4-440b-8e34-8e87faf1e196,0.7311893850564957,0.060045741498470306,0.04948084056377411,0
e8397513-2133-47d6-a835-4a55019b292a,0.42131320759654045,0.28798189759254456,0.051378969103097916,1
c9b592f1-22b9-4503-afa1-53bb7e9a5a9b,0.6685359850525856,0.22428416460752487,0.0,0
694a1195-aac7-42e1-98c7-c1a34f92a1bc,0.606352910399437,0.21769703179597855,0.06118042767047882,0
63acd83f-f006-43c0-bb9b-53e529619e44,0.49003060162067413,0.21639645099639893,0.1107458807528019,5
e7cce790-6f09-41cb-a633-e6c6fd6c3feb,0.3346642553806305,0.4366571381688118,0.06118042767047882,5
3151006e-6ad6-4ee4-a09e-4c9f27ee3373,0.6130935549736023,0.21840962767601013,0.05188260227441788,4
c2e8c391-5fea-4735-9971-5dab766e0db8,0.48738574981689453,0.4551702216267586,0.0,0
a5f0f0a6-cf0a-461f-b81c-b0f151b25919,0.47993818670511246,0.17164838686585426,0.11220691725611687,4
103bf2e3-f4f6-4227-abcb-b67d950afc0c,0.4673195779323578,0.4388487711548805,0.0,2
4cd13366-3bb1-432a-a9a0-74f17a492ee8,0.575293593108654,0.21824607998132706,0.052291691303253174,3
b4db9761-0704-42f2-82d6-a2df687ea361,0.7033362314105034,0.23694828152656555,0.0,4
7a183665-b809-450c-afc2-ea616b633dcd,0.5205276682972908,0.3284296989440918,0.0,4
d4e4755b-fc85-45a4-8bb0-379e47168ef0,0.48239796608686447,0.3652210906147957,0.0,1
4959e067-2bd2-43d5-8ed3-8f67c6725c68,0.7056638896465302,0.1031046137213707,0.05039318650960922,2
1db86f26-f7ef-4293-ad93-1d3df55ed628,0.4111834838986397,0.418388694524765,0.0,5
68d722a3-962e-41a2-8975-09c1745fb719,0.5751827955245972,0.28984982520341873,0.0,3
35dbab10-8357-454e-b57d-60fda8d37ac8,0.4360783323645592,0.3562301844358444,0.0,1
74c5f724-0c31-4e86-842d-56425cc96e0f,0.4741221144795418,0.31933293491601944,0.06118042767047882,5
7323672c-dccd-4618-9b2d-5af5bf0fe6d6,0.5961513668298721,0.3258802369236946,0.0,0
1fa0c626-7c62-4d4c-81d1-d11fc24ee443,0.45713867247104645,0.3871394917368889,0.0,5
94a034e4-fcbe-49c4-afff-caf8c3b0ec6f,0.6084587052464485,0.27488255500793457,0.0,5
55f5997a-c69d-48ca-a09e-70dc3b3a31a3,0.6994497925043106,0.23685372620821,0.0,5
90dd2e09-3683-4765-b906-dc99033295b2,0.6538443006575108,0.1494363211095333,0.0,4
8162568b-b098-46b7-b085-d5e87d962f53,0.5779100731015205,0.35301523655653,0.0,4
77f7aa46-7f09-4eb6-9218-cf30f3d2fdc9,0.6058672368526459,0.2289298251271248,0.0467119999229908,4
781d5435-d4a0-4cf0-b50f-de51e3be2f76,0.6968977153301239,0.2072915956377983,0.0,2
5a57556c-02c6-49eb-9c4d-2429a34df4ed,0.47762902081012726,0.2835535332560539,0.051026489585638046,2
a1896849-7cc5-4115-84e6-29c0b2ca929b,0.6044706776738167,0.23634334653615952,0.051378969103097916,4
8db14a29-b158-4bb0-a237-44da6fb1081a,0.5597133189439774,0.3561292588710785,0.0,4
807a24d4-86f6-4ddd-ad4e-6c51793ef523,0.6169666275382042,0.3271922543644905,0.0,4
9ef5bc67-3400-4918-a011-2b026a174094,0.5981056243181229,0.24710548669099808,0.0,3
7302e7d4-ba90-4258-9e89-d916f9583d2f,0.24236374348402023,0.6339991465210915,0.0,0
39eabc8d-8a79-41c2-a467-ee447b931ffc,0.9595365524291992,0.0,0.0,4
1fe5d294-4633-49f5-8a91-fd4c06321585,0.7306814640760422,0.23462224751710892,0.0,3
7e879144-1c54-42d8-913c-6ee206d4501b,0.6147998720407486,0.20927806198596954,0.0467119999229908,5
a7f5f102-761d-4256-8fb3-13417a217103,0.6879464462399483,0.20288822054862976,0.0,3
91f94eda-1e41-4267-896c-671643e30928,0.24565929174423218,0.605988159775734,0.0,1
9d682057-4ddd-4585-b07b-564429909406,0.7268814742565155,0.0,0.10172498226165771,2
bb0a7450-5e02-46b8-85c7-56f741bf4a47,0.7787823528051376,0.11796178668737411,0.0,3
d0478af6-71b3-4a28-9101-208da945a50a,0.608962245285511,0.31559811532497406,0.0,2
386fbb00-03c2-4953-bd5c-6453c5a4ee8e,0.7388399094343185,0.2366398125886917,0.0,1
e38c5494-df69-4b37-889c-2c6264c1b782,0.7620817460119724,0.09343474358320236,0.0,1
99ab5f65-7a7d-46ee-a5e3-c90c7c06e152,0.6934102475643158,0.13460417091846466,0.0,0
9fb887bf-6cfc-46c3-9cc1-2ccd0059e195,0.6666156649589539,0.23089361935853958,0.0,0
b3e3aa87-198d-4337-8327-31132efc08f0,0.4923131838440895,0.3726152181625366,0.0,3
6d8bc349-0fa7-45f2-a8c6-b4914ece1439,0.5936677008867264,0.16622567549347878,0.060307517647743225,2
aa61ea9d-806b-42ed-b2d6-85de0f41e94b,0.5875716581940651,0.2771889828145504,0.0,0
a3008962-4b34-4584-905c-8051b26acc35,0.7392468452453613,0.23437678068876266,0.0,4
290bd07b-cfa4-45c7-846a-a8c31ced02b0,0.6038783565163612,0.29666733741760254,0.0,5
e3d582ac-4c89-41b3-bff4-d090c39741c5,0.8353283852338791,0.10361702740192413,0.0,2
5f09e94c-5afd-44fe-b350-2a2abd499383,0.7101306170225143,0.22291355580091476,0.0,3
e8b52ebd-e5b0-456c-8572-a43bba77f41b,0.6612918339669704,0.18747451901435852,0.0,4
82daa950-c29f-46a9-87cb-8be08d285e62,0.6883980259299278,0.1630989834666252,0.0,0
6b4e6ce8-b043-4b6c-8566-fb1e7437683c,0.559582993388176,0.33620594441890717,0.0,3
5647206c-052c-4d90-bc24-caa169a361ef,0.8441097214818001,0.06766453385353088,0.0,4
4582f768-4700-46d9-9dd1-799a87251874,0.4719192311167717,0.401481993496418,0.0,5
50387676-e044-40f8-b338-e95b23ef99be,0.7282696068286896,0.20391174405813217,0.0,5
0040622e-0354-4e74-b0db-822be20f3258,0.36696989089250565,0.5143191888928413,0.0,5
95c75587-88b0-45d2-9221-30b4b1df82d0,0.5927124544978142,0.26889316737651825,0.0,1
a1ffc064-9045-41a3-b9a5-3e3b16b4ebd2,0.6387945339083672,0.21948549151420593,0.0,5
8eee1e93-e43f-43ce-9c8e-e8ab10276539,0.6511539295315742,0.2202751785516739,0.0,0
54208a1f-876c-43a9-8103-5f2b0506e00d,0.48634809255599976,0.3326280638575554,0.06168683245778084,1
c15e3b54-216a-49a4-b595-230b83ded7d3,0.7085635140538216,0.14699005335569382,0.0,1
4ad4cd64-4945-4e8b-8018-f7e0630264a4,0.5455564297735691,0.2615964263677597,0.0,4
6c895fc7-b7b9-49c3-966e-faf1491175b2,0.4141157940030098,0.36458970606327057,0.0,5
e5f024c9-fda5-412a-87a9-cc0e79180d96,0.5962497815489769,0.15655014663934708,0.04948084056377411,3
325f0004-728a-442e-a1d2-970910cceb0d,0.36516278237104416,0.47190386801958084,0.0,1
491b0d5e-5f3f-46e9-9630-809c53e57c1a,0.555791437625885,0.27906063199043274,0.0,0
84c262fa-17fa-45fb-a481-b301a8f0291f,0.3356752172112465,0.4607866443693638,0.0,4
b1c194f0-becb-416a-aa0b-239c37814e2d,0.8094878420233727,0.11760412156581879,0.0,2
4e31a5ee-5546-4011-8b4e-19760472035a,0.7383359298110008,0.09924978017807007,0.05039318650960922,2
8989c18a-f5f8-4835-bec9-02a66c6cf065,0.6032510101795197,0.29262399673461914,0.0,5
839f4414-7013-4e4e-9582-06184c60c380,0.6209750361740589,0.11402668058872223,0.05039318650960922,1
08278631-b4a8-4313-8cbc-948499f80843,0.6120324656367302,0.2649209201335907,0.0,4
88d72126-962c-4e10-a99d-7f1d3ae48a5c,0.590387761592865,0.22785627096891403,0.062220651656389236,5
d2fe7a35-c7b2-450b-be2d-af4be2e3a86d,0.6030295640230179,0.26229841262102127,0.0,2
746fb022-0994-4ab8-9be3-30e12da72fb9,0.36193855106830597,0.4156266078352928,0.04478924348950386,3
516ace40-9642-427d-b50f-a19c54b73559,0.5958852022886276,0.28129541873931885,0.0,2
bda78397-ea7f-4777-9086-391dbb27860a,0.9720013290643692,0.0,0.0,0
0e48ec14-0294-441a-85fe-b42b80d2a3b5,0.7059030160307884,0.0,0.12340107932686806,0
7027004e-b3f7-407a-89ad-143c522c3ac8,0.7307663187384605,0.2205435037612915,0.0,5
e6425e71-49f1-4e78-ae74-0eecbc594be7,0.42138979956507683,0.4444265514612198,0.0,2
c01faafe-1d25-478d-a4eb-836f026319ac,0.7332281619310379,0.10468833148479462,0.05188260227441788,0
b1e4f715-6790-49a9-ad9d-bafab15553e2,0.5973938629031181,0.09082654118537903,0.12337366491556168,2
6fd772c4-a5cf-4bd1-8e97-730fd916c8e8,0.794172391295433,0.11918336898088455,0.0,2
25c25cc5-5e45-4f05-b6b5-4974c9a6250a,0.4767773598432541,0.45743292570114136,0.0,0
73bc267f-6b34-4eba-89c5-757aafea0597,0.7483498044312,0.08183827996253967,0.0,4
131db8fd-d0d5-4388-acfe-a13b2464388d,0.718599408864975,0.2329726368188858,0.0,0
54fce0dc-8468-485b-b3b0-d718d84de37a,0.491529256105423,0.4061172902584076,0.0,0
0cfe6384-f3f1-4e79-b51e-8296633476c0,0.7106567472219467,0.11357322335243225,0.04984237998723984,3
65c42804-16ff-4d5b-9a62-183582399332,0.5415068455040455,0.28852249309420586,0.0,5
f0816138-5fd2-41b2-b7b5-2090931972ba,0.6139596477150917,0.31862371414899826,0.0,1
a250cd6a-ee52-4498-a585-e9e47ecaba2c,0.49026424437761307,0.3605543151497841,0.0,3
87a0550c-5d29-450c-a9a1-ba0c519ec4bf,0.7283259630203247,0.18564124405384064,0.0,5
60bc37f6-78d0-48e3-b252-eb79bf96669f,0.5972570106387138,0.3206281438469887,0.0,5
ed6dab47-d61a-43ed-9807-7e305554ec60,0.6140892952680588,0.27148861438035965,0.0,2
02f33b05-c1be-453d-bf05-b5ca5f1d8b6f,0.28034864738583565,0.42168310284614563,0.06270133703947067,5
3d1eb609-9a50-406a-95ce-73781f7feded,0.6100558266043663,0.26007141917943954,0.0,4
ef241668-c372-4d0f-8ecb-c0e356b6ff77,0.6614366546273232,0.2275749146938324,0.0,3
a2bc5774-7df4-44bd-8c83-7d5b7a5ed79b,0.41360970214009285,0.3747391775250435,0.0,0
c37627df-5e14-45df-a587-747f505ec3c8,0.7389669567346573,0.1314721778035164,0.0,1
ada99628-5722-4f9c-ac80-88050abf6495,0.5902700051665306,0.17301158234477043,0.062220651656389236,2
ee3c5e19-f1e3-4700-b884-7d0eec542421,0.7237144783139229,0.21636264771223068,0.0,5
57849171-2540-4e6f-b3fe-468ac150ab0e,0.46044671535491943,0.34376196563243866,0.0,1
afa8b678-b8c3-471d-a05d-510e697cab32,0.24641402810811996,0.5542930662631989,0.06273359060287476,0
d6678de2-41dc-4149-9ba6-a5e23f210b98,0.40583909302949905,0.37164707481861115,0.0,1
a860b905-0e33-46e9-ad64-887021f6eb46,0.7372788190841675,0.20085152983665466,0.0,0
54ad139b-9bbd-4766-8b19-243e0f924888,0.4829064756631851,0.4374505877494812,0.0,3
00eb7d74-b06d-4b82-bb98-46b157ded7a3,0.48909153044223785,0.32290056347846985,0.04984237998723984,3
1a883c6c-cb78-4998-a3a9-0f8d4c77a51f,0.3687214106321335,0.45764098316431046,0.0,3
c672b087-cad2-4c9f-91cf-bf49ff1d2b93,0.7326043471693993,0.2163396179676056,0.0,4
8facc26e-b7ad-4998-bbd0-b0e9ce8fe543,0.6384426355361938,0.23098423331975937,0.0,5
a7206489-62e2-47f2-813c-fb164b06168d,0.6951784417033195,0.14615987986326218,0.0,1
fc78d8f7-2ae7-414c-9bf3-1a30cbf218c2,0.7086408361792564,0.21871501207351685,0.0,3
894aee38-9516-4bcb-8072-69a3b356352c,0.5973389744758606,0.2977916970849037,0.0,0
a432b078-be39-4fce-bc75-09f04f953237,0.35229387879371643,0.5046351365745068,0.0,0
050bc1cd-46e8-470d-8d16-5b167f7a6884,0.36075011640787125,0.36645016074180603,0.051378969103097916,3
8697b31c-16a7-47a2-96e0-d83f9e7ad576,0.49354948848485947,0.39267395436763763,0.0,0
b0bde4a6-c71b-47b7-9220-1650b64aac63,0.5386589244008064,0.18637537956237793,0.05936691164970398,2
15a29ec3-66b3-4fde-a421-c9289996d397,0.5940795838832855,0.21324113011360168,0.0467119999229908,5
317c3261-b056-4011-9739-63975bc8982c,0.6628665439784527,0.234427310526371,0.0,2
e7f1cfd8-7ea2-49f6-a829-ff64985d4251,0.7002348229289055,0.1764497086405754,0.0,4
6daaf55d-8599-4ebf-966d-c9d7ca1f8a26,0.3283083215355873,0.49114736169576645,0.0,3
94643d05-706d-4c44-9a30-923757f16675,0.3682362213730812,0.4517064020037651,0.051378969103097916,2
1c267c65-4a60-41ea-aa29-0d98e03d7b1a,0.46428630501031876,0.39474307000637054,0.0,1
b68757d4-0af2-49ac-9342-7ead47d020f5,0.8130418136715889,0.09402862191200256,0.0,3
a7cb1710-3af6-442a-9964-83dbfa464954,0.7799871638417244,0.0,0.05188260227441788,3
e289787b-90a8-4cf3-af43-c4e6d46c6c2a,0.618272177875042,0.2525993883609772,0.0,5
9d7332db-c7e7-4e57-a882-52bc10ec31e8,0.48648691177368164,0.3410058245062828,0.0467119999229908,5
6914f133-e3e7-4de4-9f8f-4c65c0016e14,0.7664774917066097,0.11478207260370255,0.0,3
ac0eb442-5bb2-4475-81f5-b55d562b82f8,0.4904884174466133,0.4480709359049797,0.0,1
1998ce46-3125-4588-9cea-5c7db669a0e1,0.3587443083524704,0.4940987452864647,0.0,3
3b85d2dc-6665-45fd-a3cf-17c8ea5e46cc,0.8272555693984032,0.0,0.06168683245778084,3
5b1e6650-f00b-4238-89fd-6f3c8012c527,0.492083415389061,0.32715967297554016,0.056158680468797684,5
7ac131ad-3b92-43ba-81d9-196ad0b02ad7,0.8445058539509773,0.11209557950496674,0.0,1
e6d9290c-695e-488f-b2e1-8b928a88eb31,0.19078580290079117,0.6582266613841057,0.0,5
c7ed9492-5902-44dc-88ce-f619b82e5bb9,0.46730004251003265,0.31352509558200836,0.05188260227441788,0
a3ad09af-5da5-44a0-9d07-ad0143542af6,0.7011056989431381,0.23490501940250397,0.0,5
531376df-65a2-4243-82f7-555738f1957b,0.48642487823963165,0.4509562849998474,0.0,5
fac54c3d-d7be-4e9c-b9e2-920680834af0,0.5964673981070518,0.23369352146983147,0.0,4
d0f528b7-5dba-4fe5-83b3-db96c62344f7,0.8081459626555443,0.0,0.051026489585638046,2
f686466e-d3e8-47e4-96ec-f690dfcd5922,0.6162489503622055,0.32569845020771027,0.0,0
5b70ac7f-1c8d-4cc8-a845-56331a990488,0.615654967725277,0.1183815598487854,0.11397852376103401,1
7b80dac1-cfff-4b1b-ae29-20575ec40129,0.5981418490409851,0.27674034982919693,0.0,2
c25d8a53-3460-445f-85a4-18d8ce2b2be8,0.6267285756766796,0.20535630732774734,0.0,1
0267ece2-636e-45e8-9493-1ce6bf00076e,0.48821859806776047,0.4118242487311363,0.0,1
e88109bb-f69a-4460-b40b-8b3970f48a43,0.4848494902253151,0.40468546003103256,0.0,3
35f0764c-e7ba-43e7-9acc-550701473d7b,0.8125638887286186,0.11539161950349808,0.0,2
211e68ca-31cc-414d-bf1c-4ad7f1049305,0.7678289450705051,0.0665978416800499,0.0,1
17928822-4682-4d74-8084-eb9c4331a863,0.6012846007943153,0.2837562635540962,0.0,5
ae285bb5-b11c-4f89-823f-1320477dd897,0.827687494456768,0.11580163240432739,0.0,4
880d96f6-051e-43da-8aea-a156284f837f,0.41680851206183434,0.44398295879364014,0.0,4
838cee87-3878-48d9-9501-76d10e433420,0.6492442712187767,0.1823994740843773,0.0,5
95b6760e-1c23-4d1a-b798-9bac40260e06,0.46037158742547035,0.3223780617117882,0.0,5
4b35ce87-659b-4f69-b636-b6e493fb7954,0.7280152216553688,0.11624068766832352,0.052291691303253174,3
eb601477-0e4e-4f8d-9e10-04f5cb062e13,0.8525167480111122,0.08001676946878433,0.0,3
5e057bee-4d0b-41c4-ac4d-c2f9830f2af3,0.9679109677672386,0.0,0.0,2
ee7e36de-f68e-475d-ba28-436c9726ce1e,0.5907329618930817,0.23125382512807846,0.05936691164970398,5
ca526b2f-4462-46bf-a782-be90eee90bfe,0.7923900932073593,0.10610652714967728,0.0,2
ea4c6b37-9e4b-4edc-bfb0-a7ca068f7d82,0.8144624158740044,0.11897172778844833,0.0,0
e2edc0da-1e44-4ec0-abcd-f189cb08b2e3,0.7393257841467857,0.18421946465969086,0.0,3
cba36eb8-b33a-42b5-90b6-6c9425df5576,0.5466998368501663,0.258950375020504,0.0,5
a4b2dae8-b223-44f9-a971-b2adb9157004,0.7342977970838547,0.23047155886888504,0.0,5
8c322c67-4b5e-4627-ba69-f9a5bb8feb3c,0.8568117618560791,0.11897172778844833,0.0,5
80f6a84b-9816-429d-9092-fa1dab4791fc,0.5867361053824425,0.29063780605793,0.0,3
e80cc2c9-c62f-44be-ad58-1eb0c8b3e658,0.6854523792862892,0.17447618395090103,0.0,2
0451d601-b3a9-46cd-834a-c9eb41ccf949,0.9599107876420021,0.0,0.0,5
79fad020-3594-49c4-8596-3e368aa146b2,0.6100235059857368,0.3064126521348953,0.0,0
fc246a50-7baf-4f2c-8479-4e21049f6262,0.6090491712093353,0.3522612527012825,0.0,2
91403bca-b68d-4d16-acfc-86ad30311b55,0.5929024443030357,0.3092740848660469,0.0,3
6a18aa4a-047a-4fce-a0e9-33236effb8c4,0.7277258560061455,0.2276873141527176,0.0,4
09f7e842-7cc9-422c-bdc3-61b053adae71,0.6980288848280907,0.1658933460712433,0.0,4
99f737af-c580-4229-92de-f6e26e2459b8,0.7204851284623146,0.23483732342720032,0.0,1
6cbdd231-2fdb-4fa0-89c3-788d2e232d46,0.5827539265155792,0.3337375894188881,0.0,2
77234d55-09c4-42fe-b64d-d198f1c5c3b8,0.8433566614985466,0.1173413097858429,0.0,4
ceae351c-e630-4ad5-ae1d-d6cb39d9ad00,0.691985197365284,0.23078323900699615,0.0,1
8ae22403-ff21-4d9a-9ec6-f9496bba1444,0.3522983342409134,0.41149693727493286,0.04948084056377411,2
9cff39db-d2a3-4715-b237-a3edb8e5b3d6,0.6811739653348923,0.15573395788669586,0.0,0
7d4b6c48-9b1f-44ca-bace-1fb4b829768a,0.4882762059569359,0.4668237641453743,0.0,5
18781e39-79f9-4a4b-a34d-f8938e8163be,0.7106131762266159,0.06766453385353088,0.051026489585638046,3
2e40ee9c-5021-4600-a439-e46f7f0f040e,0.6016536131501198,0.33386974036693573,0.0,5
c6982adc-e7e4-4061-b26b-bb4ef4b38e0d,0.5846286192536354,0.28311269730329514,0.0,5
adcdf1ca-22bb-4388-9f03-5b414778948a,0.5739137381315231,0.3239115700125694,0.0,2
fb9caacf-a1a2-409e-a0c5-a6ef81fa505b,0.693937748670578,0.22815288603305817,0.0,2
90f6bed1-464b-4f4b-af10-21f85ad59954,0.58394805341959,0.35500626266002655,0.0,0
76162751-874c-4b43-abb7-3c89529dd045,0.5805318504571915,0.3532305732369423,0.0,0
055b96c2-0bae-4b4c-99b4-438dc06e620a,0.4214155860245228,0.3577195554971695,0.0,4
defda9d6-375e-445b-8a4c-d5639e4f544b,0.8101983293890953,0.098513662815094,0.0,3
182831f4-2962-405f-a1ba-494c4b934ae0,0.3688264638185501,0.5744666233658791,0.0,4
fbd34e8b-d581-47a7-becb-7b5abe5cdc40,0.7948346063494682,0.11918336898088455,0.0,4
e2e201fa-e03f-49be-b33f-a52a3e63157e,0.6012399569153786,0.1643059104681015,0.060307517647743225,2
00ddcf1b-425e-45e9-90cb-157d5810c17a,0.36171919107437134,0.4633261263370514,0.06168683245778084,5
84f2b348-221f-47f7-a0f3-ef4a86644c6d,0.4884312376379967,0.44414573162794113,0.0,0
d2d4d445-562b-4a3e-a111-21f4b2482d65,0.8456753566861153,0.11717100441455841,0.0,0
5c7f5839-367b-4662-959f-5d27959c544d,0.480347715318203,0.39367518201470375,0.0,3
d89c15e8-86cd-4e56-9bd3-e2dd28bebe82,0.569625198841095,0.3012254238128662,0.0,4
fd01f53c-da01-43aa-9009-f8f419467f51,0.554995559155941,0.2888513058423996,0.0,3
533a3418-0505-4dd2-96ff-67cd4c69c38f,0.7035408094525337,0.2367936074733734,0.0,1
80bbf7d7-9625-4df2-9607-190bddb44eba,0.8489774987101555,0.11544779688119888,0.0,3
314e6bf9-d4d7-4bee-8ae7-837eae1b7339,0.3655986934900284,0.3794919177889824,0.04984237998723984,4
c50f0a84-8cdd-4c80-adb2-844dd2b6d2c5,0.4890308454632759,0.43434150516986847,0.0,0
ab2341ae-0738-4883-a4ee-17d2d80f16ea,0.5665920972824097,0.25347184017300606,0.0,4
efc227fd-9576-480d-b79d-ca330fbdac41,0.6317700296640396,0.0962788313627243,0.062220651656389236,5
c514dae9-ec11-45da-b464-cb93cda89ab7,0.6334779299795628,0.2328481301665306,0.0,4
da47beaf-1481-43f7-bf05-a44297fd0e91,0.7093012854456902,0.09339730441570282,0.051026489585638046,0
681e072a-7f43-4308-ad83-3c9cfb15bf12,0.6132625713944435,0.33606258779764175,0.0,5
693adae6-ba49-4ffb-94f2-4bf653bd7033,0.6162185147404671,0.2803836390376091,0.0,0
721dac13-994a-4fe9-8763-77a428d28b0d,0.5875206291675568,0.2817203104496002,0.0,4
e78fe68d-1a2d-41e1-b1f3-b0c05afcfe13,0.7235668078064919,0.11814454197883606,0.0,5
851ba818-c87e-4039-8c88-b0923efe58eb,0.42593294754624367,0.4528055191040039,0.0,5
8bb9cc1f-923c-4235-9be9-e96ce8b817c6,0.5881849303841591,0.3396758511662483,0.0,5
9cf8a55c-9826-4fde-92d5-a16df96ae382,0.7770947143435478,0.0,0.06273359060287476,4
b1bc1863-dc8d-4b2f-a200-a89d34db9f26,0.7277408912777901,0.20631659030914307,0.0,1
1b28da55-f2fd-4b52-ab24-21e024db306a,0.5243176743388176,0.2996756508946419,0.0,0
ee6f5c6a-cf5e-406d-8ee5-4645c3634ec3,0.8335482627153397,0.11801686882972717,0.0,3
e3a516e4-3eb3-42c1-a4f2-7247552594b7,0.345725953578949,0.45028092712163925,0.05039318650960922,3
6b92283e-6fdd-44aa-8817-f5137f311bcc,0.8391940891742706,0.11345616728067398,0.0,0
c6f2c70a-53b9-4520-8e23-fb42d1070abb,0.363514207303524,0.5604340434074402,0.0,4
4bcc61a8-a90c-4281-b946-4524b51c9b78,0.7181002050638199,0.17735543102025986,0.0,2
550ef0fe-a70c-4794-8f09-58af1db1e602,0.6921796873211861,0.2113315463066101,0.0,5
6c2dde61-f417-4426-90a0-3d8af8cda3de,0.6168493553996086,0.33525780588388443,0.0,0
84790c34-7c23-4768-abd0-a5bbb8c0b926,0.7185517698526382,0.18076545372605324,0.0,5
1f724e51-8cf5-4dab-aebc-88507a8990c4,0.5746255032718182,0.23017992079257965,0.0,3
54dd3808-24d2-4f56-964a-e053de18bfca,0.4779086485505104,0.4108007550239563,0.0,0
d9e55b1c-6d75-4e94-83fd-e09dd29a3676,0.6986798197031021,0.2311897873878479,0.0,3
0f637ad3-a105-48bc-b3e1-b845eda7357c,0.9452759847044945,0.0,0.0,5
d82c6c73-4cea-4482-aca4-deddbb0fcd10,0.7282782793045044,0.17118949815630913,0.0,3
ddd1a4d5-e1d0-4608-abed-d29cf0f379d5,0.5595579817891121,0.2806217446923256,0.0,1
beb086e1-7755-40b0-99aa-be212b01c33b,0.49206122756004333,0.3893326707184315,0.0,5
66ee22d2-af86-41c6-a69b-e758ae5f981a,0.49170001596212387,0.3361468091607094,0.06168683245778084,2
d21957d4-4641-4f4d-ab14-9c2dc102b636,0.5961102992296219,0.3382328897714615,0.0,3
00e4b473-c68e-4881-88ad-213dc9306d9f,0.5020547322928905,0.3343244343996048,0.0,3
8c69cfc9-1278-4829-9b30-a38619f6b176,0.5814182832837105,0.33478131145238876,0.0,1
99a1248f-5a5c-4fdd-a950-cd8b42ca8330,0.41479912027716637,0.2786249592900276,0.05936691164970398,4
b2aeeddf-d044-4ee7-8980-11dbb2e668f2,0.4280853420495987,0.34426459670066833,0.052291691303253174,0
08bbf693-4154-4452-84b0-9ddc1f06f9ff,0.5351053662598133,0.11903569102287292,0.10136344283819199,3
2414c922-9cc3-4fe5-9af6-a869076e6422,0.7336443811655045,0.2025436833500862,0.0,3
66f92908-dcee-4bfe-8547-6af3e3e86d4f,0.44889625906944275,0.4185643643140793,0.0,5
d6d8c3b1-ae93-4a23-9978-5ee0459effc0,0.4487553685903549,0.3126830607652664,0.062220651656389236,3
394ee35e-1a04-4fb4-839a-175e5b06bc04,0.5969473719596863,0.2903127186000347,0.0,4
d832d4d4-2948-496e-b94e-ce7074c9d8f3,0.667065467685461,0.17167503386735916,0.0,2
4ad18de2-7bbb-48e3-ad14-91f3b15ecb6b,0.7094600647687912,0.10361702740192413,0.0,3
0b3d0d97-5f66-44fa-a335-ee560cd7f5ab,0.6685067713260651,0.23701144754886627,0.0,2
1592dd2a-6bb7-40aa-86c2-8a03c586f8f4,0.4850756749510765,0.29846028983592987,0.060307517647743225,2
64d4b8fc-3140-46e5-9eaf-2fc3f8bda253,0.7944772094488144,0.11357322335243225,0.0,0
6df75278-d2ef-43d8-b98b-063e6fec9fcf,0.5818198919296265,0.21273061633110046,0.0,1
5d9b6f9a-7868-4eb4-b35d-8b62bba76a71,0.611448273062706,0.3077026978135109,0.0,2
8dbe5da8-9f17-4e63-bd2c-a3d243b012fc,0.6111362241208553,0.20461682975292206,0.0,1
15f9712c-013f-417c-ae39-a78623c7e81f,0.7874950468540192,0.11656925827264786,0.0,5
4830dcb9-13dc-4b4d-9fef-df5ac0d46063,0.5418991670012474,0.32478877902030945,0.0,3
b88468f2-c112-443c-805b-0661cc1c12fe,0.9419430196285248,0.0,0.0,2
dec2b1ad-1325-4987-8f34-d37c6b4a5d25,0.5670013353228569,0.3112412914633751,0.0,0
980ab366-3c09-4034-ad27-82732aa85862,0.8781035505235195,0.0,0.0,3
5816c903-16b4-4501-aa12-2c72d6b71b8b,0.5836078003048897,0.2936616279184818,0.0,1
43f065f4-4f4f-4866-ab3a-d1813368970b,0.314991258084774,0.43196870386600494,0.0,3
173ffb08-0723-4f17-9eed-0156b0261e67,0.778861504048109,0.061793725937604904,0.0,4
a6040281-32b1-4760-a78c-b28e46d4e0ab,0.5901592150330544,0.22936485707759857,0.051026489585638046,3
97ee4ddb-7eca-4f88-9691-5aa1c199afa3,0.6045189276337624,0.28021417558193207,0.0,0
8d028c17-99b6-4ede-9ed6-d80f4a84727c,0.6890071332454681,0.1949199140071869,0.0,0
95d28d8b-5a65-4fe1-a4b3-d5c9e7339939,0.664649598300457,0.11335837841033936,0.051026489585638046,0
e7107108-8af0-4586-9e51-0b11901ea8ad,0.6043252944946289,0.3115006759762764,0.0,3
dd978bf0-7e26-45ea-8330-c9dc27d857a8,0.700506329536438,0.23570682853460312,0.0,1
15976fdc-66a0-46a1-acc6-4dc4fb02b562,0.8466818630695343,0.09111614525318146,0.0,0
18b7ec27-44cc-48e0-bca5-f23f837e2da0,0.46233217418193817,0.34473511576652527,0.052291691303253174,5
20a4dbf1-c0a3-4417-8648-615eed8555de,0.8527813702821732,0.10094132274389267,0.0,3
9af7bd3f-8512-4c23-bf60-64d31ec1c9fc,0.2472771778702736,0.5936661064624786,0.0,2
bde3c1c2-c3ff-4537-80c6-6d617b769a03,0.3229847401380539,0.3650105744600296,0.06273359060287476,2
90cf1335-5339-411b-9194-ef700c89a223,0.816050723195076,0.10039275884628296,0.0,5
231d4e29-f398-45e3-9d19-a9be9ad76e91,0.4915582165122032,0.39464519172906876,0.0,4
15684dc8-29e0-401b-bd78-6d12e9e0a699,0.7901017591357231,0.09807751327753067,0.0,4
b4c10740-8e24-4544-9b38-cfd56beb7a4d,0.5863838195800781,0.34479882568120956,0.0,4
6c044bc0-e501-46f3-9295-160fc000978c,0.48387402296066284,0.4390370026230812,0.0,1
5599ac0e-d837-4862-8357-1eb36e3a9cf3,0.6071706861257553,0.31189435720443726,0.0,2
2c60eb4c-7233-4c19-8788-be42ec16a519,0.6020452752709389,0.23840028420090675,0.0,3
9c11d283-b35c-4743-82cb-e77ae66a237e,0.5973697602748871,0.24807117134332657,0.0,4
7462c383-24ed-499d-a90b-a9eecf550421,0.44045397639274597,0.44822902977466583,0.0,5
b0f1263b-2ade-4d1f-87d3-d369cfa38b3c,0.46157868206501007,0.4384901151061058,0.0,1
18d9cf78-5562-43d8-b6a5-4e9deb0e31c0,0.49396566301584244,0.2945551872253418,0.05936691164970398,0
f446cb51-243d-4b65-8330-aa40264fcbef,0.6089711114764214,0.3036397770047188,0.0,3
348e30ce-bbbc-4271-886c-bd98901172e6,0.4927510991692543,0.4146840460598469,0.0,2
13346636-c573-4d5d-a828-b920f792dae6,0.6812061220407486,0.2006014734506607,0.0,2
dc9fcbf8-0c28-4375-817a-1d49b0e1f053,0.48311683535575867,0.38219981640577316,0.0,2
006c7dd5-4b0e-4b68-9149-ed53a065c757,0.5992767661809921,0.12415798753499985,0.04984237998723984,5
912fa529-10a1-407b-b0fe-6a6b7efdf943,0.9738491624593735,0.0,0.0,2
82bf1522-fe9f-44af-8853-39359ffd38c2,0.36250168830156326,0.4551929756999016,0.06118042767047882,4
924f4cc6-f9f0-4f3a-b1f9-bed0a9d62f9f,0.7328895255923271,0.20760184526443481,0.0,2
ccd3d978-4bef-4040-aeb4-73c49683540a,0.6825100928544998,0.17401178553700447,0.0,5
dde988dd-f3c6-428f-b335-d9f4fd9157c3,0.7376120463013649,0.22318169474601746,0.0,3
fcc64735-38ca-4815-aacf-9036ceed4702,0.6695794239640236,0.17883704602718353,0.0,5
b8720b96-be16-4933-83c8-289ae74b10f7,0.361951619386673,0.4851773977279663,0.0,3
098b8d3d-42b9-47c3-849d-4697c748ff64,0.12337395548820496,0.6543058082461357,0.06168683245778084,3
6f1ca7f7-67c8-4cf3-bda8-d3ea12d65119,0.47798430919647217,0.34732726216316223,0.04984237998723984,4
c8af44b8-90a1-492d-8c9f-109e631e4a82,0.7115774154663086,0.1786312758922577,0.0,0
66be5cd7-e16f-4b43-a650-510869f3b0e3,0.6162457950413227,0.18934020400047302,0.0,1
5393c1b5-5a50-45c6-8bf5-50ba9cae9809,0.8462507203221321,0.060045741498470306,0.0,2
837bafe3-b57f-40ca-9590-53dbebdbb5f0,0.8244741261005402,0.11918336898088455,0.0,3
c260fea2-d1f7-4be8-9cc2-76f7f27bed8a,0.7312653362751007,0.1893935352563858,0.0,4
0aaf15ba-d076-4eb1-a0f4-9e76705b8c20,0.572981521487236,0.11544779688119888,0.11461619287729263,3
e8456e44-0c4e-4ed7-b001-294b3c728143,0.736707404255867,0.181715227663517,0.0,2
2315e92d-c31d-4b49-8639-633aabbe1255,0.7083728462457657,0.20780304074287415,0.0,1
af7d987c-7d3a-4822-9423-d577cef61db3,0.8184438645839691,0.10972552746534348,0.0,4
cc7e7d51-f921-4de6-88b4-f103433b9755,0.594017431139946,0.2787073031067848,0.0,0
3df73604-6bbd-4892-9a43-09fcf277c9f4,0.6061662584543228,0.287015363574028,0.0,4
03aa4d2b-1cb1-43c0-838b-8f9f30d31d71,0.7385068386793137,0.22380828112363815,0.0,3
e02fcf4a-85bb-4f2f-969d-f9773544476f,0.4778018593788147,0.35611094534397125,0.04984237998723984,1
33af3b26-85f9-4bf1-a5dd-554fab4f75ff,0.5420369021594524,0.220186285674572,0.06273359060287476,0
25e82fc6-8d06-4134-b185-14fed6ce10cc,0.5887164324522018,0.34264010190963745,0.0,5
d35a2456-485b-49b5-90ec-735ea8ee112f,0.6028691381216049,0.3231581971049309,0.0,1
995bf9ef-b927-405d-a5dd-3df969ee6599,0.5488144271075726,0.28970813006162643,0.0,2
559f2849-4e34-4afd-8303-e1acad51e247,0.9833155646920204,0.0,0.0,5
71e7bbb5-497a-4f4b-8d4f-5aee0391ff51,0.8424594476819038,0.11865188926458359,0.0,3
6c22069b-df6b-43e7-8750-8fe2fce2902f,0.4917645528912544,0.4400535523891449,0.0,2
e9a2bb81-305f-42e8-8ecb-556f1e1d6741,0.7272671461105347,0.05382821336388588,0.06273359060287476,1
36fb3222-33f1-42d5-862c-00f0c6dd0a4f,0.24677497893571854,0.6224934756755829,0.0,2
f3a69b43-d5f1-41a5-9d83-a18d1935fbce,0.6885080859065056,0.22399001568555832,0.0,3
38901f8f-1fcd-4a73-8fc4-c246e03b34b1,0.6869962587952614,0.09815000742673874,0.05039318650960922,3
bce03cbd-b9dc-4c43-b80d-27ed0a4f6b45,0.370456725358963,0.377016045153141,0.05039318650960922,2
98ea9bcd-78bb-4a39-9aec-ca746654bbad,0.35686860233545303,0.4294329509139061,0.0,1
8c64bf8c-be8a-4b2e-9898-65b74cc99783,0.35607335716485977,0.23513279110193253,0.16449644044041634,4
d8d50ffb-37f3-4ecc-aa7c-cb495031ff11,0.610233947634697,0.32326363772153854,0.0,1
1ea1a57d-b6c4-4d91-ac52-3fb0a9eed70b,0.716991737484932,0.1876371130347252,0.0,0
7fbe2967-3241-4b54-bf08-32e10e359b62,0.6678565666079521,0.15536852553486824,0.0,2
11d4274c-f5eb-447d-a2f2-916f81610e90,0.722888246178627,0.08503489941358566,0.051378969103097916,4
9ef0c282-8522-48d9-9a65-048504478ad1,0.6061860024929047,0.19186118990182877,0.051026489585638046,5
9148e72b-d30c-47c0-a618-7b8a8f6ebb7b,0.4892719089984894,0.43879351019859314,0.0,5
5ac36544-0517-45cb-a62a-63d8482f60f2,0.24723811447620392,0.6251769065856934,0.0,1
023d413a-45dc-4945-934f-02bcb1a9c3e2,0.6615712903439999,0.21625353395938873,0.0,0
1e11ac2b-0237-4646-801f-f34985e56e19,0.4815562963485718,0.37785984948277473,0.0,4
4e1b4a0a-8515-4caa-804e-3369d1b7a677,0.24530664086341858,0.5541034862399101,0.04478924348950386,5
b47829ef-050b-4adb-bf8f-7cbdf5784453,0.31453345715999603,0.5877396166324615,0.0,5
471ef969-8d76-44a7-8b9a-d1f099c2f402,0.5298128500580788,0.22491908818483353,0.060307517647743225,4
e441e0c4-1072-488b-9523-04aeef5c16ac,0.7974062711000443,0.1183815598487854,0.0,4
926e83ae-cc28-4367-9767-85254df02e45,0.3640327453613281,0.4522646814584732,0.0,5
abcb7b5d-523b-4d7d-8ec5-247b0f8a0655,0.7371027544140816,0.2357395514845848,0.0,4
b409d6f3-36d0-4963-9a51-5634a82b5f44,0.713404931128025,0.170989990234375,0.0,3
1d608fea-a1fa-4157-8a4f-203957065131,0.5743432864546776,0.29590149223804474,0.0,4
ebc48364-c015-4e9c-bd29-faa3f38c8a56,0.4808886647224426,0.35564133524894714,0.04948084056377411,2
4b87d4b5-cb5c-448d-a5a8-ecf0c588a377,0.5690151005983353,0.21868406981229782,0.0,3
141a4707-7fa8-40c1-b2d9-596250106986,0.43978890031576157,0.3351934105157852,0.06270133703947067,1
4c86a830-36bb-4da5-b666-7c9d4447d7d6,0.6740572899580002,0.18046900629997253,0.0,5
2b774043-d81e-4f2f-996c-76855b47ea80,0.7113427817821503,0.2120395228266716,0.0,5
9e3c3c3b-a53e-42bc-870b-132a80a56c4b,0.5714607462286949,0.35110677033662796,0.0,2
6af4e117-d854-44e8-b90f-cb5c331e589d,0.6780216693878174,0.20804647356271744,0.0,0
855b8624-1345-4e5a-a3a1-3938850f5e57,0.4863668754696846,0.4422198012471199,0.0,0
383487bc-4171-4442-a3d7-a705728015fc,0.48011766001582146,0.21941875666379929,0.06118042767047882,4
d5e9797f-b776-4c48-bd91-7df0f0e0d00a,0.8475403934717178,0.11478207260370255,0.0,0
7ab5c061-d85b-4fac-b998-d23aba5e7ade,0.47912853211164474,0.44129762798547745,0.0,5
92ea9963-d45b-4912-9162-1d9e66254b9f,0.59706149995327,0.3272445350885391,0.0,5
6665e541-4e91-424c-97ff-ca71f830847e,0.4875244200229645,0.4329517334699631,0.0,0
16333b0e-51e5-424d-a38b-01e0463bae58,0.5963153019547462,0.33741284161806107,0.0,3
16395687-2aae-4dbe-8a0e-9b152ed57a86,0.8172552585601807,0.09807751327753067,0.0,3
b0fe5495-9c51-47fd-bb82-8fab43014231,0.6111709997057915,0.3198082596063614,0.0,2
fa43cbc6-8d42-4849-bcb0-f54c372a3008,0.6922187879681587,0.2353147566318512,0.0,0
842519af-e870-42d0-ad58-96f83ac5af2f,0.5809265747666359,0.22813235968351364,0.05188260227441788,4
423760e3-4f66-4ea9-8d37-0102bda83bc6,0.8114308789372444,0.09100034832954407,0.0,0
5059af9f-634a-4c01-a6e4-ac409ea9853b,0.4565427899360657,0.3983518183231354,0.0,1
5c2ffc81-7c79-49c7-9f93-e591690f2786,0.5875582993030548,0.30710509419441223,0.0,5
3092866b-2778-4cbd-8777-65adc4abd762,0.6876754611730576,0.22789721190929413,0.0,4
0e81c82f-1472-4cfa-aab9-6183fbcb974e,0.7239584624767303,0.1759840063750744,0.0,1
6f48cc13-0f69-44b0-a0bd-0b5c88f370fd,0.8572594225406647,0.11756974458694458,0.0,1
c5425ec5-847f-4c7f-bf49-09e5ca77b5e8,0.30419084802269936,0.5648799613118172,0.0,5
45238596-9ae9-494e-84e3-d89824aa7044,0.49282271414995193,0.17959926277399063,0.10240545868873596,3
664570f7-cbbd-4c92-9abd-a680024a2d65,0.5707333981990814,0.32519975304603577,0.0,5
8b3e6b63-d4c1-424e-a8f2-4d60225a4033,0.35800936073064804,0.46300019323825836,0.0,2
381abd2a-8bce-4dee-b24d-7ff404a435cf,0.4281168095767498,0.20799754559993744,0.12391401827335358,3
f41aa815-7017-4453-ae60-cd8afb86786b,0.6515621915459633,0.1962651014328003,0.0,5
5e6aa67b-4923-4d8a-a729-2abaf94525b9,0.7215007022023201,0.21735136955976486,0.0,5
978b98b1-e5b0-490f-881b-7db4a4ffa87c,0.6144030541181564,0.29630663990974426,0.0,2
7bcbfcf7-129d-4bc4-a438-b99076b2d561,0.9823082983493805,0.0,0.0,1
b12c04e2-e87b-465a-8b3f-da99e5107086,0.7244624942541122,0.20584461838006973,0.0,5
7dcfd6a8-b4cf-4691-90e1-e7e8679033a5,0.4910506159067154,0.28305649012327194,0.06270133703947067,2
ed9d0708-3b6e-4a79-8566-95e33438c5a9,0.7362181320786476,0.23235181719064713,0.0,0
fa722a6e-1719-40c2-a561-4ab09cf1417b,0.5227953977882862,0.23439490795135498,0.0,4
f0ea44e8-0798-47bd-b236-9bba5c98c3fc,0.7395617887377739,0.20292212069034576,0.0,4
ea1a0946-63eb-426c-81ab-5bc65b5b9612,0.6742061451077461,0.17800752818584442,0.0,0
63087815-9dc0-46cc-97bf-67c86850e1f4,0.4808587431907654,0.32624850422143936,0.04478924348950386,3
160a4805-a4e0-419e-ba8d-be8a41b2a351,0.6712052896618843,0.2171132043004036,0.0,0
fc92b1e8-0ee1-471c-8240-5f5394d7323e,0.7314743846654892,0.22112148255109787,0.0,0
c39ed55d-8b6a-4b3a-a0a8-038c20223316,0.6053135767579079,0.2983662262558937,0.0,2
0f8d6b8b-2657-4686-928e-4f0c5ef4ad3d,0.698572613298893,0.22310756146907806,0.0,2
502dfff5-676c-401f-88f7-c4c83b2812df,0.45994410663843155,0.34920790791511536,0.0467119999229908,2
35eb03f9-0dc9-40d4-bbc0-72c220810980,0.6789827421307564,0.09111614525318146,0.056158680468797684,0
dec8dc65-234e-4188-881d-19e139a3379e,0.657778549939394,0.06149573624134064,0.060307517647743225,5
da6c3b5d-145b-451c-9b93-f4fa617ad751,0.6096721589565277,0.21006884425878525,0.0,2
91315125-5baa-4d09-a5ec-d6edec4c9915,0.3488909676671028,0.4466730058193207,0.0,4
1b1b1562-f4c0-44f6-8c82-8dfb3989009a,0.6911903917789459,0.22366005927324295,0.0,1
4d1a48d8-178e-4eec-a103-2fe4de839493,0.6377705968916416,0.0,0.10884775221347809,4
d9df3767-69ed-45d1-b0f8-bc89413bc33f,0.5650465786457062,0.17869342118501663,0.060307517647743225,3
da2f5e19-39bf-405b-ac28-44aa421c90d1,0.7378687933087349,0.23316363245248795,0.0,0
79b2b9dd-9474-4077-a5b7-8c18f5ec2d0a,0.9251900389790535,0.0,0.0,1
00e49762-5fbd-4d92-adae-ec8404c40e5e,0.7346092313528061,0.21114753931760788,0.0,3
662881bc-df66-4230-8401-9dee3c6a115f,0.8636231794953346,0.09082654118537903,0.0,1
8ac12518-da4b-4d52-b390-ce73b396f5c7,0.9334401115775108,0.0,0.0,5
685f19ba-afee-4232-8f9d-ec89b163d64a,0.7071892470121384,0.2282615229487419,0.0,4
8897e48f-abdf-41a6-9b54-7f1a46c55708,0.987602487206459,0.0,0.0,4
c85213c7-fc3d-40fd-8a86-41f8a8437a91,0.6124802306294441,0.23274385929107666,0.05936691164970398,0
14030cdc-3881-4c52-b154-632ae912a84f,0.4756671190261841,0.4152938351035118,0.0,1
a608898b-1320-40f3-9a0a-7ceccd8e9a56,0.4232739619910717,0.2199770137667656,0.10326157137751579,4
892eddcd-c2f0-4413-991a-7159679efcba,0.8252578154206276,0.09807751327753067,0.0,5
beededa6-8f99-42e0-8378-9f10393d4a34,0.35899484902620316,0.4776163324713707,0.0,0
08963925-1c45-4c67-840a-068c487a6904,0.7331907860934734,0.10317806899547577,0.0,3
05cad85e-a681-47ef-b60a-c4142970094d,0.4770577773451805,0.3921056315302849,0.0,3
6770e281-a2dd-40d1-9c27-ad809b0ed909,0.49448423832654953,0.40171193331480026,0.0,3
a787ceff-948d-4e68-bfa5-e4adfd2539c8,0.45102671533823013,0.34731079638004303,0.051378969103097916,5
c2aa9571-4cfe-4183-896e-7b407bca780c,0.6094569712877274,0.3565498813986778,0.0,1
81c10292-9303-4b15-ba52-b2793273966f,0.36098359525203705,0.4585743844509125,0.05936691164970398,1
a7f91694-bc12-4ac2-8a07-1e0779e5cab3,0.370243564248085,0.3983095586299896,0.056158680468797684,2
421c32c8-c7c8-41bf-bba1-e57a9c51ff7e,0.4909995421767235,0.3970210999250412,0.0,5
25cb1a84-a511-477a-a4c9-4b70f758fab9,0.7804870344698429,0.10681901127099991,0.0,2
9a5a135d-356a-40e5-bd46-b89e4374c0f2,0.715938426554203,0.22813235968351364,0.0,0
9b788a44-977a-4ae9-962f-853d13326932,0.6027742028236389,0.2521822415292263,0.0,2
7ff433db-c054-4e87-8faf-220642456d7e,0.6553150936961174,0.061793725937604904,0.052291691303253174,3
ad052f24-3e8b-492b-98c3-af7f94623a6a,0.8372793346643448,0.0,0.0467119999229908,5
9a24202a-8aba-407a-8fb7-0d087794a4c2,0.5643016844987869,0.2970859706401825,0.0,2
6b728a94-4cc1-4bbe-81b9-55f39cda6003,0.6107098385691643,0.16861993819475174,0.052291691303253174,3
39ebbfd3-6c57-4623-a62e-d2d817b3c13b,0.5657251700758934,0.34797313064336777,0.0,3
896128d2-e2c9-4755-98c5-ad253afcf425,0.6976556405425072,0.17995379865169525,0.0,5
1a3731a5-97f3-479e-b6a5-915745db9932,0.8366551697254181,0.1183815598487854,0.0,0
87054cd5-53c3-4e7a-9d6e-136d0aaa5f3e,0.34027503430843353,0.5744308605790138,0.0,4
437d91e9-d480-40f5-975b-6987803f8ee2,0.597105860710144,0.3494120463728905,0.0,0
ced96835-c771-45a7-8b5a-28928acab807,0.860437348484993,0.10664321482181549,0.0,4
1cc856ba-6aa7-4679-84b0-9bf5bb4c0a0e,0.37099121510982513,0.3946436904370785,0.06273359060287476,4
c9365257-c87a-4237-9a7e-4e90774e4652,0.7986955568194389,0.11544779688119888,0.0,0
bebec657-4728-4d00-8450-6db311710437,0.5791038274765015,0.32609426975250244,0.0,0
ad0a96f8-ed32-44fb-a15e-7b3c3281364c,0.7157974615693092,0.11284837126731873,0.051026489585638046,2
0c2b98b4-429c-4f48-af9f-cf45f5fe8637,0.8096261024475098,0.11652345955371857,0.0,4
7a583445-6f1c-44c7-a7aa-a7800c2f31e8,0.7827769592404366,0.11624068766832352,0.0,0
39e564fb-09af-4f19-8c1a-daec27a09b1b,0.48525194078683853,0.38144707679748535,0.0,0
c42d53e2-94a9-4202-bfb4-bc5feb5753b8,0.711055614054203,0.2239132821559906,0.0,1
d560f512-5ceb-40d1-a84a-4e06ee4f3f0d,0.5491996258497238,0.27326878160238266,0.0,1
b6f41cb6-ef0e-4b6e-8899-6542da171f1b,0.8525871932506561,0.1183815598487854,0.0,3
a5597fca-34f0-4a12-86f9-f224f91a613a,0.6160273998975754,0.3109137862920761,0.0,2
e11981d8-0c29-4d70-acf3-4a2a1eb44a60,0.6125101000070572,0.2606937140226364,0.0,5
1b17bb32-d54e-427f-a0e8-efa89d6f6980,0.5662373751401901,0.3048320338129997,0.0,2
08509dc2-5a51-4158-9c8c-71e9d2ab606e,0.61456398665905,0.2742226794362068,0.0,3
78318594-596a-4242-ab27-55f5639becf8,0.5682894587516785,0.2163396179676056,0.052291691303253174,5
2377d22f-01c2-4dca-a096-a89fc4add6ee,0.7219138517975807,0.17359131574630737,0.0,2
df3aea51-e230-427a-9bf8-4d9da60300d6,0.45187971740961075,0.24454931169748306,0.05188260227441788,3
b3f29c5a-319e-410b-8dfe-6c1e35c24550,0.6356468349695206,0.21935337036848068,0.0,5
b9c4926f-a097-4cb7-9337-568d0a5120e4,0.7892056629061699,0.11345616728067398,0.0,1
6e9b2faa-f4cf-478e-adf2-31f360bec422,0.6977406889200211,0.2215166613459587,0.0,4
34bccee8-52f2-4059-90f8-ba205aea9e94,0.6908475458621979,0.2160796970129013,0.0,3
966994dc-02fa-422f-9baf-482ed47ce390,0.538759458810091,0.11652345955371857,0.10509676113724709,5
d5c280a0-01c2-4b20-ab41-01443b422c89,0.48817750811576843,0.3379388004541397,0.05936691164970398,4
831c889e-1274-4941-8b17-24d1b2788d34,0.7052383720874786,0.21062659472227097,0.0,4
89dc1515-90e8-4987-867c-b52cd4154b8b,0.8419078066945076,0.11478207260370255,0.0,5
6b0a60fc-070d-4880-8ac3-a59b559d1bf3,0.8357296958565712,0.11780675500631332,0.0,3
51739cc8-8fd1-41ac-b8c5-1c6432efbd82,0.6484709344804287,0.20354415476322174,0.0,4
9648de41-5726-48ec-b7d1-d53a4fcae569,0.7176641672849655,0.06384920328855515,0.06118042767047882,1
727d9ce2-6041-41fd-9013-25784b63582b,0.7317724712193012,0.09924978017807007,0.0,2
37e042a4-79fc-4f08-a009-6c9626685c34,0.5794017910957336,0.22603798657655716,0.0,2
9eb2f474-a9a2-4880-b85a-2dd21b2361f1,0.7912331521511078,0.0,0.05188260227441788,5
8938c417-b347-4bec-9110-8c34775c6045,0.6153905615210533,0.3021070882678032,0.0,1
cd19d1da-7f4e-478a-b1c2-851a1052e7ad,0.5946944504976273,0.3387857601046562,0.0,3
271163a8-1363-446b-9687-8980aaaa4fc3,0.5803322792053223,0.34066060185432434,0.0,3
d7af171d-018f-4aec-845c-0ea2896174bf,0.5953142121434212,0.28589972853660583,0.0,0
c159057d-d83c-4b5a-8609-a82b2ccd88b4,0.47021230310201645,0.4500832036137581,0.0,2
e5e4652f-3bbc-4161-9409-5294e31db85f,0.6040101274847984,0.2355659082531929,0.05936691164970398,0
b461e122-31ef-43af-a9c2-01efc5f1f3fc,0.7730512581765652,0.11801686882972717,0.0,3
504ada4f-0c12-4ab4-b1d8-84523eb4c751,0.7893040031194687,0.0,0.04478924348950386,2
c4db3b9f-28cd-45b5-b53e-e0346ab72238,0.7284216284751892,0.23316223174333572,0.0,3
3fe8ee76-3b01-4387-b30d-f6d45aafcbdc,0.48667462170124054,0.23705674707889557,0.1107458807528019,3
eca2ea4c-3594-41c2-81ab-6ebbf254ee6e,0.9134340919554234,0.0,0.0,0
cf3259f8-bdab-4c4b-989c-5b5e78e6f70c,0.5797430798411369,0.34252388030290604,0.0,0
1f5fa931-d784-427b-8ed4-faa29a5caa62,0.6989581659436226,0.1847013682126999,0.0,4
6e19c1bb-a9ba-448d-a068-647b4b6db7a0,0.7112874537706375,0.17128156125545502,0.0,5
db2295ab-6662-464c-be02-542def3a1e24,0.36504846066236496,0.5796468108892441,0.0,0
77d4f5c1-2545-42b1-9feb-cf3c2f222776,0.36459947377443314,0.4512823447585106,0.062220651656389236,0
d4c06689-44f4-452f-a494-1d6f5cb5a10b,0.7888426817953587,0.08913611620664597,0.0,0
d95d54c3-1081-44fe-9bfe-3c3c8f6e79c8,0.6813267469406128,0.17570725828409195,0.0,4
e940355d-fb8a-4cdf-985b-9e4155094fc1,0.7176717594265938,0.23194333165884018,0.0,1
86a56a1e-a9b0-46b8-844a-e0bac2a648bc,0.6177702471613884,0.29599620029330254,0.0,4
a3667d6e-1cf9-4e7b-951d-c1c23a4cf7c5,0.47887251526117325,0.40695659071207047,0.0,5
7e0a3d83-b324-48a6-b18a-023c008d1e99,0.6618475615978241,0.10468833148479462,0.0467119999229908,5
d1090b49-e4d9-4906-a7f4-dc3caf9e22e8,0.7961260229349136,0.0,0.051026489585638046,3
738439cd-c675-4c2d-91fa-a363deb649a9,0.4836297258734703,0.26564309000968933,0.05039318650960922,3
74614c62-5c7d-4b60-ba6b-054b412820aa,0.4851415082812309,0.11801686882972717,0.18522950634360313,1
4c175bac-447b-4c8c-89d2-f83a14df2936,0.699550449848175,0.0,0.10789242759346962,3
d133f1b6-96d3-4246-8fc4-8eb3f3a7a1df,0.746128473430872,0.10215092450380325,0.0,0
08d2e9b8-5f04-457d-89df-9bb50beb5919,0.7206185534596443,0.21653156727552414,0.0,0
99f8321a-5332-47bc-aa9f-6929e25e0874,0.5465480908751488,0.24776823818683624,0.0,5
8626bd15-c7eb-4203-9084-0c0bd6276888,0.5929257273674011,0.2927746996283531,0.0,0
7adb533e-7242-492d-a614-ba600c350fe8,0.840485654771328,0.08828048408031464,0.0,0
41b81f99-d88b-4fd7-90bc-3b7c875e1818,0.6038544028997421,0.06384920328855515,0.10177215561270714,0
cae20458-bd35-4901-9dc9-56a37f2ded04,0.6128436625003815,0.3202843591570854,0.0,2
85f56e3d-dce5-489e-831e-f67e55555a5c,0.7159066200256348,0.1639384627342224,0.0,5
41d09668-ef0c-47f3-87e8-5c363e58ff8d,0.46214132010936737,0.2684471011161804,0.04478924348950386,1
9545086b-2800-4a13-a9e3-8d3b6bcca23c,0.7367268577218056,0.22957102954387665,0.0,2
86570ff2-9e36-438d-884c-d88ce6bdc9e8,0.8461057543754578,0.061793725937604904,0.0,0
5929f27e-9b73-41b0-aa31-c4b6dba1552c,0.6821567714214325,0.21817052364349365,0.0,4
dff07b2c-e523-4d4c-88d6-19291d96d9da,0.6144237443804741,0.3130154386162758,0.0,0
f6520efa-d8a8-4971-8212-10013506e866,0.5595186278223991,0.23316223174333572,0.06270133703947067,3
163cf51b-87ba-4376-804b-4f4f0c24005a,0.7209037616848946,0.23591028153896332,0.0,5
6af8d47e-28ca-423c-8ccf-471e67ce5842,0.42489224299788475,0.4383287727832794,0.0,4
e1215968-11d4-402d-a883-d453aec21cf8,0.6650784984230995,0.1703108437359333,0.0,3
bd593b5c-a90f-4129-babe-d266edff0420,0.6644839569926262,0.11478207260370255,0.05936691164970398,3
f9bc222e-a831-4852-af5c-1e75401c9c49,0.7306625917553902,0.21873879432678223,0.0,5
3c5c022d-3d36-4566-8f17-1bc6457d3ace,0.8336059227585793,0.11578179895877838,0.0,5
5834adcd-90ce-4bbb-b21d-17a65f22cf10,0.7027921825647354,0.21021058410406113,0.0,1
b2d852d3-59ce-4683-946b-2b174413ed1e,0.44093214720487595,0.3753497861325741,0.0,5
f6f9b267-8817-4ed3-a89b-a1aad31dc1e3,0.6844722032546997,0.21678391098976135,0.0,5
c9daf1bb-bcc4-40da-9fde-370dea07e8fe,0.8457622677087784,0.11250977218151093,0.0,4
7d3f3e60-3d3f-4944-8af3-89c2249a7b7e,0.485398530960083,0.38301049917936325,0.0,4
e97a8edd-ba9b-40dd-94e4-3b79bd0c5999,0.609779380261898,0.30886131525039673,0.0,5
340b0c68-8703-4a80-8006-4d66b9953ee7,0.6150798797607422,0.19422075897455215,0.06168683245778084,2
6b886a1a-173a-49c6-b683-8fffa1318e2f,0.6375783942639828,0.216617189347744,0.0,1
b2d2ef99-883f-4323-a69c-95fbd996e776,0.2452523112297058,0.500275906175375,0.06168683245778084,5
8412ce5f-0b11-467f-8b8e-f187e407aacd,0.7143733277916908,0.1946866512298584,0.0,1
0186f3d9-b9f0-4c54-a1d5-bd90d49196aa,0.487225741147995,0.17179000005126,0.11070070415735245,2
4dccbcfe-6998-4960-9f73-2fe92ef0329d,0.36620261520147324,0.50264822691679,0.0,3
484e6c24-8b6b-4d3b-b428-5437eaf9e929,0.7189845442771912,0.17545785009860992,0.0,4
6b1a561b-04a9-4a44-a5c2-cd656a3f6104,0.7097731232643127,0.16176220774650574,0.0,2
a6dd4f00-a17d-45a4-a1e5-6ac71f1b13e8,0.6897443979978561,0.23590677231550217,0.0,5
ff236b8a-b6db-402b-9934-4e1def0cda06,0.8250088766217232,0.11796178668737411,0.0,1
06a6e512-2ac0-414f-a56f-ea4f998272a8,0.8144302293658257,0.11478207260370255,0.0,1
63378295-ad2d-4b5c-9274-efff8acda975,0.6409620009362698,0.059250131249427795,0.052291691303253174,2
07e05699-0749-4ace-b0cc-fd2f56247efc,0.49359509348869324,0.4114047586917877,0.0,5
efa91448-0937-467b-bc4a-2fa49be16d59,0.4773513749241829,0.29864558577537537,0.0,1
5dcf8018-46b2-4d56-85f7-55e7a6196bff,0.5999050587415695,0.3015836700797081,0.0,1
5ace77ce-39f3-4e45-bc68-b094c0e409a4,0.7007862105965614,0.18717292696237564,0.0,2
75b89b06-8366-462a-ad53-b32164e8df1e,0.6042958945035934,0.165887251496315,0.05188260227441788,5
8cf0997a-03f9-498e-ac9c-e91062dcdf42,0.57758978754282,0.22573817521333694,0.052291691303253174,0
326cd8fb-f7a2-4fbe-a011-ba8524737b37,0.8257450833916664,0.11490314453840256,0.0,5
00f11752-9dee-43fe-852e-8902bda2973c,0.35977713763713837,0.49474647641181946,0.0,5
4ddda94b-c57e-4d17-8596-05c6f7a520e7,0.6229177117347717,0.17725007236003876,0.0,1
5afd1c25-7c45-4528-956b-eb9cc210b589,0.7320672869682312,0.17822185903787613,0.0,3
851ce84d-baf6-4306-96b2-13ed1f02d483,0.7178672924637794,0.10728282481431961,0.04948084056377411,2
d367029c-2f2d-4b96-aedb-7aaf90bc6a55,0.36724910140037537,0.5566556006669998,0.0,4
f830a3f1-69b2-44e5-a14b-75393d424c0e,0.730250857770443,0.14925457537174225,0.0,5
80fefe3b-c8d3-4d0d-9877-506dc6bfdf8a,0.7491735443472862,0.11796178668737411,0.0,1
61b3df3d-c039-46b2-a293-715c8e1aadc0,0.4820120483636856,0.3765195459127426,0.0,3
4f2c0373-0437-45a5-a072-a332fff6a70a,0.6122950240969658,0.3344999775290489,0.0,4
62d2b221-6ed4-40c5-81b5-ec59cb1882a2,0.602980449795723,0.23047155886888504,0.06270133703947067,1
afa27e3e-a20d-497e-8b32-20e622ebda02,0.47822529822587967,0.42430204898118973,0.0,1
23ce76a0-5894-46b6-a7d9-25033c5c5e16,0.7101819664239883,0.05189381539821625,0.05039318650960922,2
ba8f7906-d647-4c4f-96a0-c925867b4a56,0.35068096220493317,0.5573825761675835,0.0,4
d4d13389-8e15-42cf-b823-67fe29a0842a,0.649945180863142,0.19762007892131805,0.0,3
8eeb6fa4-96c2-49bb-a95d-d6bfac889401,0.5027343258261681,0.3411819562315941,0.0,0
5f93676f-8d59-4696-a363-efa4cc3d5c96,0.5565058439970016,0.24875351786613464,0.0,5
d48959aa-36e0-4cdd-9489-fd1892dae6bf,0.7141589596867561,0.11578179895877838,0.051026489585638046,2
44e3c15e-2bac-4ee7-8c65-3ced2254bb32,0.6487516984343529,0.20403124392032623,0.0,0
848f8227-609b-4d79-a93a-124300411d06,0.7802112847566605,0.11279559880495071,0.0,2
257e6e7e-237d-4671-a37a-a8e3c5e31201,0.21179213374853134,0.5821535252034664,0.0,5
ec72ae95-7eca-42f5-99ea-bf8b5321c12f,0.8313921391963959,0.10972552746534348,0.0,2
9c017879-f2a1-4c66-a51f-58804d4a47cc,0.48165637254714966,0.3469496890902519,0.06118042767047882,4
2379c844-77d8-42ed-8290-51223f71054e,0.3147871270775795,0.5141463726758957,0.0,1
abb7d8c4-6cfd-41d9-9252-0508b0d2ecae,0.6721940487623215,0.23406849801540375,0.0,3
92982672-da7e-4fe8-9cec-9978fc696c27,0.5898285284638405,0.21135909110307693,0.0,4
b211f697-0680-4e5c-a876-54426efa2d0c,0.6045230478048325,0.3231458365917206,0.0,0
4b11a8d7-5c11-4505-896f-fa19110e2606,0.716423287987709,0.15314412489533424,0.0,4
5e17a76a-cd2d-4eda-bd34-c8e516140aed,0.6882348284125328,0.2230420783162117,0.0,2
66b67161-cc01-49ed-9c52-5a3365d901f0,0.6078398302197456,0.32465818524360657,0.0,3
05f0d980-9c99-41ab-a935-177a5ae3e657,0.33810198307037354,0.5409573614597321,0.0,3
ad9d1f0f-5ef6-4246-a29b-7a3a35470988,0.848459281027317,0.11402668058872223,0.0,5
b9d7df24-5dfa-44d0-a750-af8d443409c6,0.36618608236312866,0.41390029340982437,0.04984237998723984,2
ceed40a3-b46a-4cc8-aa0a-ee98e90d085c,0.6007825136184692,0.27774517238140106,0.0,1
f1458c17-481f-47f4-9c59-4d050c41ce9e,0.7042263895273209,0.23673341423273087,0.0,4
9951acd7-7eb4-4f6b-967b-304c2dca7dfa,0.6123125702142715,0.3317514806985855,0.0,4
173059db-df02-4310-b126-4f96805d9d8e,0.44384775310754776,0.36592376232147217,0.0,2
e3fd7906-a9f4-4642-bdce-f13aa54260b3,0.32187939435243607,0.5234266668558121,0.0,1
1619fd4d-578e-41eb-9762-4300a612efad,0.45230837911367416,0.34936127811670303,0.05936691164970398,3
f896aa54-c3db-40e9-9c22-3c2bd8844e42,0.7507863976061344,0.08822473883628845,0.0,4
cbf0fb45-4b3f-44e4-8ab6-f5a648d4f95d,0.3668254688382149,0.3031197115778923,0.1026848778128624,2
659daee2-e8b0-44a1-b9ba-1336b5b2835d,0.8420523628592491,0.11539161950349808,0.0,5
2e34684e-369f-40ce-bc83-146fafbab55c,0.37088480591773987,0.3412438929080963,0.11116767302155495,0
c65d51fb-9580-4168-9eed-7adaed0bb95a,0.3387424498796463,0.40309319645166397,0.06118042767047882,4
f6328d0c-6fc5-41dd-a53a-cd2aa65ae9a3,0.5978336110711098,0.33548079431056976,0.0,4
6324bff7-5106-4b57-9db9-bc1cf031447d,0.3670847937464714,0.4925064519047737,0.0,3
5a099901-bd76-447d-b539-44232fa43f64,0.6074876263737679,0.22202180325984955,0.06168683245778084,3
422b1b18-4fb4-4e69-beec-3078768396c4,0.5026171319186687,0.3517107889056206,0.0,2
9631de0a-b6b1-413a-ae0b-05701b0b105f,0.5667048320174217,0.31960248947143555,0.0,2
3dc7aa05-959b-4edd-9a92-dd56c7b82b92,0.5947167798876762,0.2133893519639969,0.0467119999229908,1
9d358902-8d77-4765-b887-d44dac19e8c8,0.7417912110686302,0.0,0.04948084056377411,3
165bf1a8-761f-491e-8128-47e4d1b7ee26,0.7014609798789024,0.1489785984158516,0.0,5
97cdd3f2-9ff0-4f19-b92d-96e39b3e7128,0.5107081867754459,0.30774272978305817,0.0,0
470767bd-18c5-48ad-b747-70c4fb881f7f,0.8394063338637352,0.0,0.06168683245778084,4
3db93efb-c1c4-4826-8d4f-85f87b811ea6,0.4529948830604553,0.3509887680411339,0.05188260227441788,1
7eba9cc9-9b89-4a06-b963-7763fa58c8af,0.5839444547891617,0.33479365706443787,0.0,5
1f883106-571a-4f46-aa17-f69d71cd7bff,0.594390157610178,0.11796178668737411,0.05188260227441788,4
7b8576c6-5e13-4774-85b8-9b25b5482f82,0.731038048863411,0.18543528765439987,0.0,4
73c761bf-8d1d-4c76-b957-0131aa99acfc,0.592010572552681,0.28563061729073524,0.0,3
32645639-6806-4edf-b7ce-d55124bd718a,0.36170168220996857,0.34722505509853363,0.1230088546872139,2
b16b7a6c-6959-45b2-ad56-b0b455472b22,0.3709833398461342,0.570976659655571,0.0,2
db8ba4ef-51c0-4077-956c-42bd6a8c797f,0.5876989811658859,0.21338766068220139,0.05039318650960922,5
b0fa99d2-3c5c-42c5-81d4-6858f0637adb,0.3991422839462757,0.3228995203971863,0.060307517647743225,3
7ca7a02c-6a55-418e-8503-4220a9b13fbd,0.4911378175020218,0.4197610095143318,0.0,1
93136dc2-7623-4e19-9bf1-7e3586f7e995,0.6062775030732155,0.20094531029462814,0.060307517647743225,3
f7dc5554-04c1-45ea-881d-523cdec6b8f5,0.41192494332790375,0.23235991597175598,0.12340107932686806,1
a802a537-348b-4991-bbed-6e9427c19c95,0.36171143501996994,0.405803170055151,0.05936691164970398,0
857a01a8-bf2f-4008-bba1-4c76e249257b,0.4869263991713524,0.4396605044603348,0.0,4
aa3c3a48-4df3-4e72-bcb2-3e2eebc3e45a,0.46570540219545364,0.4366801679134369,0.0,0
31c4bd04-5b87-4344-a2f5-fe92033e11c2,0.45158758014440536,0.4506005570292473,0.0,0
eda51f15-f2b6-4ac9-969e-034ef4979451,0.6079407334327698,0.20048269629478455,0.051378969103097916,5
943a347b-9e70-45b9-87ff-8b331e4bdc55,0.4732116162776947,0.21935337036848068,0.12390748411417007,1
c4542ca2-5f05-4e3b-a179-2a61e8d3c00c,0.6166779473423958,0.2099207639694214,0.04478924348950386,3
6c44d915-6c62-4a0c-8bd2-7109a0f407d5,0.6133640334010124,0.34819165617227554,0.0,2
b9a0feb2-9c7f-4039-8a8a-56d541a00149,0.8349016308784485,0.09210705757141113,0.0,4
3235260a-1d74-432e-98f2-da4ccbf55b8b,0.7201206982135773,0.20261700451374054,0.0,0
8feb997f-7482-4677-adba-5d363f15d607,0.3503778576850891,0.4348926842212677,0.04984237998723984,5
b2876eb0-55be-43f3-919f-b34559d8dd4c,0.8068677335977554,0.05382821336388588,0.0,4
2aec2829-82a5-4d62-b241-3be3d0f0ad94,0.7312956005334854,0.21420731395483017,0.0,2
0b783d8e-3c48-4e22-9008-89c44cd9fb5c,0.9450868293642998,0.0,0.0,4
6249761c-98cd-45a1-8a1b-5ff7b915af7e,0.5333406180143356,0.18082787096500397,0.04948084056377411,1
7adc5021-87c4-4496-8dbc-d592448d6bdd,0.4469840005040169,0.4316645786166191,0.0,1
1da554f8-c3a1-4d7b-9889-859034027c13,0.6055468767881393,0.27659546583890915,0.0,2
10f69e13-7c1e-4d56-a20a-d276ec1847cb,0.5764133781194687,0.23570682853460312,0.062220651656389236,1
bdc24351-96e6-4091-875c-688d5d22cf99,0.4420309066772461,0.3199882507324219,0.06118042767047882,1
2ec97fbe-a7a5-4d63-971c-076fa4f2e84e,0.8514418080449104,0.11840683221817017,0.0,0
f74437de-d63c-4d6b-ac78-83e147e3a56f,0.7394265159964561,0.18551785498857498,0.0,5
bbefb0b9-4545-4bef-9254-47324605476b,0.5362982712686062,0.22836118936538696,0.06168683245778084,3
611e549e-5a4b-4f5b-8329-9cc3afc23708,0.7958940044045448,0.11081797629594803,0.0,0
2418430c-605a-4212-806b-50ac0a808c06,0.5764195248484612,0.21684597432613373,0.06168683245778084,5
1ffb836a-9852-45d2-92d5-12a7c7c2cba8,0.6094707772135735,0.29673630744218826,0.0,3
47549f42-b26d-4886-a8f5-081d855cb7d8,0.8525203913450241,0.0,0.06273359060287476,3
7f83095f-786f-4dfc-81ab-40f88b07e114,0.5621850490570068,0.2954370751976967,0.0,0
1049e48c-2ae3-425d-a6a2-e16525e13638,0.8240052908658981,0.0,0.06168683245778084,5
1c14dfd4-b027-4075-9e1f-efe1b2b23b0e,0.8194337338209152,0.09478447586297989,0.0,4
50412441-ab19-48d1-a291-8a2bca6e3403,0.4944615215063095,0.28221434354782104,0.051026489585638046,2
a9579a4e-d36a-4654-a621-01b98e5d26e7,0.7207141742110252,0.2355315312743187,0.0,4
73eee2df-0b1b-44a2-b1b6-9b4167c7057b,0.6136693358421326,0.17483297362923622,0.06118042767047882,4
39d158e8-c091-4c20-b76b-f7a851674480,0.6083175539970398,0.31868281215429306,0.0,3
9b8c643e-e2df-4adc-8e88-9e119473f3f0,0.6132162809371948,0.2893170565366745,0.0,3
1b976a37-bde0-498a-89d1-874df0e09ec6,0.6866644471883774,0.22541246563196182,0.0,1
b1e0c74a-c83e-43ab-b77a-d7e7e48a43db,0.599955178797245,0.28328755497932434,0.0,0
8dd31ef0-ca3a-4673-a98d-c678a5430f17,0.4031785801053047,0.39700859040021896,0.0,1
b66673ed-b159-4903-a1cf-b4d92d55b9a5,0.4754362478852272,0.32869525998830795,0.06273359060287476,0
68928185-a16d-4796-ad0b-7e876ae7729e,0.7367922589182854,0.14623424038290977,0.0,4
b017b379-52fd-425d-85c8-4f825b288fd1,0.591399721801281,0.2940850406885147,0.0,0
74fd8a2c-8e9c-43b4-8a27-e163c1b63d5a,0.6083453372120857,0.34563229978084564,0.0,3
494cbca1-9ab3-497e-93ca-07ac2c403f6a,0.8135797008872032,0.11568693816661835,0.0,4
c4706a5a-76c8-46b7-a73e-2904261cc160,0.5928760468959808,0.3327346295118332,0.0,5
bb9838fe-39d8-4396-a296-ae50f94c0372,0.8501157090067863,0.0977364256978035,0.0,3
415ada9e-71b0-4c1b-8803-cb98f97322da,0.3576890304684639,0.41412466019392014,0.06270133703947067,3
4ce3aef0-dd9d-4833-bd46-05573d3764c3,0.6004363894462585,0.342869371175766,0.0,4
4f8a1f39-7968-49b4-8ade-2e3b6f199840,0.6154008954763412,0.32782401889562607,0.0,3
fe76ad05-217f-495f-9e60-2c8e56626909,0.794264942407608,0.10728282481431961,0.0,1
f5ce42cd-00a5-4a18-9b99-a76f19b86488,0.7174670994281769,0.23693351447582245,0.0,1
793727e5-c732-4fa6-a1f7-61f3ada0f422,0.6002129316329956,0.2901032790541649,0.0,5
7ac52303-d50f-4203-9e6e-9f5ba73a86a9,0.6131576001644135,0.287922739982605,0.0,2
80075c3e-3423-4c3d-b981-b0a9bce85740,0.7965732291340828,0.11879803985357285,0.0,0
514a942b-45af-46cb-94f0-633631d54278,0.836507610976696,0.11879803985357285,0.0,5
e46c69b3-edc8-4454-acf1-88b67bfcb462,0.6586079373955727,0.18544229865074158,0.0,4
6bce25b0-7a3b-4f6b-8ffa-fcad60c98331,0.5491840541362762,0.2238142192363739,0.05936691164970398,4
c68e054f-344a-4a8c-955a-c222af24eda4,0.4153227433562279,0.40852951258420944,0.0,4
6e9aa9f2-b186-46f1-82d9-6ed87de1fb00,0.7217680960893631,0.22750329226255417,0.0,4
6812b103-0f38-4803-97ab-4ef1b18182c5,0.724934346973896,0.21180638670921326,0.0,5
145793be-e4d2-4d8f-be29-6dad9c9f85cf,0.857319563627243,0.11801686882972717,0.0,5
1e6488c8-ef41-49bc-9225-010987298a58,0.3690730556845665,0.19193674623966217,0.16564268246293068,5
e69bf42c-7814-43c0-bfa1-62acf3e317ef,0.4751626029610634,0.2097235545516014,0.11552559211850166,0
0932898d-5532-40f0-9175-beb7ae877038,0.33608880639076233,0.4523659981787205,0.0,5
274b040e-3569-4091-93a8-a5845e44e612,0.4935440570116043,0.32192619144916534,0.06273359060287476,2
56d11ce5-92b2-4ecc-9455-eb21e6bf3f62,0.6108162626624107,0.173178568482399,0.05188260227441788,2
3bf45279-e1ea-4769-a6eb-6eb4f751465e,0.6026052460074425,0.29526717215776443,0.0,2
000f27e2-b353-4041-beb9-8c7d149f31f2,0.3351839706301689,0.4393768236041069,0.0,3
51ba4875-3021-4234-9ffc-52272cabd11d,0.7180153578519821,0.1067444458603859,0.06273359060287476,2
d2e22d37-daeb-445d-acab-8cf6b05de508,0.7950631454586983,0.11909496039152145,0.0,1
ab693af4-9f76-448d-8a5e-9d768e8b7802,0.9128318428993225,0.0,0.0,1
0abbee05-e5e0-4e2c-997a-0b7657af8449,0.6679145991802216,0.22265011817216873,0.0,1
f9a829cf-376c-41d0-91d4-6a2694848d30,0.7037825062870979,0.19722267240285873,0.0,4
1efb6f68-a1b4-4e76-b90c-a610aabb1d10,0.7233218178153038,0.21139653027057648,0.0,0
081750b0-110d-4c6b-9a0b-3508d624f328,0.46097103506326675,0.33785056322813034,0.05936691164970398,1
2603e5bc-f3f2-4604-b5c6-c8349e65e906,0.6116915345191956,0.2489185482263565,0.0,2
23ff9c9c-5c0d-4c25-8cc6-58b65b8c0944,0.42122796177864075,0.4083174616098404,0.0,0
1f7227c7-df5c-43bd-8344-650105a11b80,0.5955679640173912,0.3450286239385605,0.0,4
56ea1427-5f7b-4164-9cfc-20edbb19419b,0.48810675367712975,0.20877152681350708,0.05936691164970398,3
bae52bd3-332f-47a7-8285-989a2ddb948f,0.66540751978755,0.23638101667165756,0.0,3
a7a84043-1491-4738-a7eb-08b31d759fe3,0.4575246721506119,0.4405001103878021,0.0,2
46eea3c6-a923-48e6-aea3-9802907681c1,0.2453882396221161,0.5206238441169262,0.0,3
a70eb9e4-ada5-4bd2-bfb0-f935a314c693,0.48939140141010284,0.314821258187294,0.06273359060287476,3
29e7357f-7a69-470d-b090-7ee4eca9260c,0.7352140322327614,0.08606945723295212,0.052291691303253174,4
7ec1d3dd-daa0-48dd-83ac-5357d6475116,0.6948235929012299,0.17823271453380585,0.0,4
b4913368-2e8c-41a9-808c-213bd7b222cc,0.45182397961616516,0.3821680620312691,0.0,5
0bb23069-a9e1-428d-b855-14ead4e64b0a,0.48361413925886154,0.4349014088511467,0.0,2
c69612f3-c347-40d9-8496-77dd34b9af17,0.39939869567751884,0.36667821928858757,0.0,5
4a4e06cc-3231-468f-be96-146c44e95480,0.7125192731618881,0.23382935672998428,0.0,2
9fcfe36c-d596-4065-aea1-9453defd8b95,0.45233122259378433,0.410518154501915,0.0,0
10ceecd6-946a-45c0-ba6d-99fbf2c4d109,0.7220600694417953,0.14006251096725464,0.0,5
5e648237-488a-4071-91b0-377730f72073,0.3398619517683983,0.508147619664669,0.0,4
9dfc10eb-4be4-4ad1-9b26-26526dafd4ed,0.5199852138757706,0.18056703358888626,0.056158680468797684,4
b4aeb7e9-f49e-4a66-b6f7-ec5241108b5f,0.6041583120822906,0.3213479369878769,0.0,5
bc6ff990-4cfa-4ab4-a104-a311f38075a3,0.49416542053222656,0.23216018825769424,0.05936691164970398,2
f22b2b71-9652-4140-a1fa-90963fd68751,0.5693894252181053,0.3382197618484497,0.0,2
ce55026f-0376-4365-b737-8ddad5f31849,0.8346790447831154,0.11796178668737411,0.0,0
659ae980-a2ab-4bb5-aee4-5cb8b5724638,0.6062062978744507,0.29468904435634613,0.0,3
b9ee8df3-7ee5-42ff-9707-5fc1c1703535,0.8620433658361435,0.11357322335243225,0.0,2
20126717-9050-4c81-a45f-0937734fc3db,0.7138291671872139,0.13818899914622307,0.0,0
44688140-6082-42b2-b95d-45ba05163f2e,0.8361207395792007,0.11810352653265,0.0,3
2729d662-ed48-41a9-a6b2-b859a0c57819,0.5924565717577934,0.06266225129365921,0.1196744292974472,5
cf1d9ecc-03d9-4ca6-ba15-ac3a2e0e5314,0.6669246591627598,0.16526709496974945,0.0,0
76ab4e7b-e4ce-4e9a-88d3-de1f7e6c5666,0.6768701002001762,0.18611853569746017,0.0,1
57e2a42c-001c-4f0d-b6c1-8c9b1047a133,0.8383676707744598,0.06384920328855515,0.0,4
731c81f1-42bb-45e5-98ac-f9382daa5a74,0.7153622284531593,0.17726149410009384,0.0,0
89f85942-2873-4068-b2cb-776e68be68ba,0.5980658978223801,0.3097268342971802,0.0,2
b4dd34aa-b760-46e8-ae12-27e9744a676c,0.37053729593753815,0.49362466484308243,0.0,1
def3d683-982b-432c-8801-788f73450eef,0.5722974985837936,0.29227593541145325,0.0,5
418cf9e0-0345-4d6b-98a6-5b541fea65e2,0.8606078773736954,0.10956314951181412,0.0,1
27554d48-2b7c-45ac-bd20-c35de06d4448,0.7337412759661674,0.2309611365199089,0.0,3
caddeff7-71dc-44ee-a074-ea5d07f11b27,0.6914205029606819,0.23062489181756973,0.0,5
c147d528-7889-4d22-aa8d-8fde158484e9,0.5906596928834915,0.23293162882328033,0.0,3
75e66628-3b1d-4e0e-9ac8-efd7c0af0c8e,0.7309664525091648,0.055407699197530746,0.0,3
27c9790d-f15e-41fb-9053-746ef648cf4d,0.6149850860238075,0.31663281470537186,0.0,2
2248b7fd-d44f-403b-94d1-0106ac4e5243,0.6749190539121628,0.11580163240432739,0.04948084056377411,5
20015782-1cd8-4adc-9ab6-720bf46458f4,0.7387901544570923,0.2218211069703102,0.0,4
e09ff067-aad3-4d71-ab9d-0bd2925844b1,0.7100805267691612,0.23195478320121765,0.0,5
15000a5f-bdaa-40b2-a098-83db0b9bdebf,0.6919507756829262,0.21327795833349228,0.0,1
37d7b695-fcf9-46f1-a72c-584d2031f33f,0.49265801161527634,0.34048663824796677,0.06273359060287476,0
c3f6b5c0-27b9-421a-85b4-76ef7da376d8,0.7142758667469025,0.2367936074733734,0.0,0
3b4a0bdc-e6d7-42e4-b016-f1f20d8bf1a5,0.5975941866636276,0.231313094496727,0.06270133703947067,1
0aca7a95-c55b-4f6a-931b-bb4d8b49207d,0.5405268706381321,0.2895677648484707,0.0,4
1b8b5e44-9ba5-4462-843a-51015140be9e,0.7971305511891842,0.0,0.051026489585638046,5
8baa93e4-01b1-4c17-863e-ccc127e54dd7,0.8621413931250572,0.058894410729408264,0.0,4
ba89d82d-705c-4a53-8c6b-8e4c271182d8,0.8203008398413658,0.11656925827264786,0.0,5
4d76712b-5e21-437b-ab64-e4492d45727b,0.7226800844073296,0.21280134469270706,0.0,3
140ac245-cc1d-4869-94c2-bb49102c8d75,0.6026861891150475,0.31807316094636917,0.0,4
1b1cb4d7-b0f3-4814-99f0-0f5f57071464,0.5695095136761665,0.342557355761528,0.0,1
3273f410-8f82-44a1-9a28-d7e94372b698,0.6160144358873367,0.29152147471904755,0.0,1
81e0c50e-8b8a-41e0-b2c4-ae1fcc082eb1,0.6764852963387966,0.22199858725070953,0.0,4
f676cb29-1b1c-4a22-86e7-ec84179d697f,0.7029620260000229,0.0,0.09710518643260002,5
6664711b-445d-41c7-a49d-d4a684cb4a99,0.49052077531814575,0.3520568907260895,0.0,5
99853d2b-f498-4add-92ac-b8bd4c4fabc8,0.8490840271115303,0.1183815598487854,0.0,1
61b4ec9f-95f3-4b6f-bd6e-d31061fd4259,0.6613893173635006,0.11624068766832352,0.06168683245778084,2
97636970-f108-4090-911d-bdfabb94ba92,0.7176609560847282,0.09339730441570282,0.06168683245778084,0
62f2a771-e97b-42e0-9789-52f3b724333f,0.5449418388307095,0.26195505261421204,0.0,5
5cc364af-094f-4b52-bcbb-786da9020699,0.49399349838495255,0.17356008291244507,0.10944559052586555,1
52d17db9-06a1-4d78-b5f6-9e7e991c70cc,0.7240594178438187,0.08913611620664597,0.06270133703947067,3
6021b5d0-c12c-4c82-b515-b5ebc04367fe,0.4796003922820091,0.4430210515856743,0.0,5
c8ba9aef-8e4a-4226-9f55-ddd4d46f2a4b,0.4300696700811386,0.43500087410211563,0.0,5
1d70c31b-be1b-45a5-892f-0d1ca0d23b14,0.6508683227002621,0.23299840837717056,0.0,4
b61c27f7-e4b8-4398-be1e-1865b938d551,0.45844247192144394,0.468630813062191,0.0,0
05054e11-62fd-4868-83b4-8748cd1089cc,0.6128192394971848,0.20630116015672684,0.06118042767047882,4
3fae1dd0-9fef-40a2-a91b-934765a2d271,0.851170189678669,0.09210705757141113,0.0,5
d5239006-31e9-4841-a2ac-611c3937522c,0.7008033320307732,0.23047713935375214,0.0,1
08798771-536a-42f6-b427-d26c76c5cc6a,0.6147009655833244,0.23341196030378342,0.056158680468797684,0
13eddf07-d955-450a-870b-332352efc119,0.48749101161956787,0.2930864095687866,0.06270133703947067,5
f1acbf56-50f3-4231-80f3-f4b4ebc3b548,0.7270040065050125,0.19984718412160873,0.0,4
51aa9380-e89a-4b49-a702-5d1db762e921,0.5939791277050972,0.3357689753174782,0.0,1
71769e57-70a4-4483-93bb-dbcf31b1370e,0.6053934767842293,0.2636287175118923,0.0,0
836b7adb-1cf0-4bc4-84cf-ada12c777692,0.6619367673993111,0.1962275207042694,0.0,3
b12fd17d-bb4f-4c9a-8f10-1e5763ea79ce,0.12229358404874802,0.48292138427495956,0.11221443116664886,1
36c5e2d8-76c3-463b-b013-763874699c70,0.47642963379621506,0.46257156133651733,0.0,5
145d1d38-0d7f-491a-a3f5-e17353cc777f,0.7315353155136108,0.21611179411411285,0.0,1
8a72d488-87ce-4d2e-9a13-a46785bcf42d,0.5806829184293747,0.2885713316500187,0.0,4
14175f07-61ee-47a5-9769-b7313df68aa5,0.482784204185009,0.25157205760478973,0.0467119999229908,2
3165ac9b-f6e9-4483-a1af-841d545a97b1,0.8552396409213543,0.0,0.0,5
304c3fdf-4469-43fa-858e-8944c4bf3b08,0.6025983542203903,0.314800500869751,0.0,1
af4fa207-0302-44ce-b519-ec34d8ec1a89,0.6689789667725563,0.23639842867851257,0.0,3
9012329b-7f5d-43b5-b9b4-22d9233bf451,0.9561606496572495,0.0,0.0,3
1e597264-44c9-40d9-a893-d7a9de416d37,0.6372874267399311,0.22130697220563889,0.0,4
a3c28f35-9b85-4ccc-ae90-c3c87c9890cb,0.9851389452815056,0.0,0.0,1
d43481a9-fa59-49b9-b43d-14996b7013f6,0.5979923456907272,0.1931610181927681,0.05188260227441788,2
2f9422a1-dc04-436f-916b-1af48cf3b6e5,0.7486976683139801,0.10972552746534348,0.0,1
385fefaf-98bc-4d26-8187-ce2d053c0604,0.36480429768562317,0.5333414450287819,0.0,1
b6334567-82d2-4591-8e3b-57faa9ed0c9a,0.7376847639679909,0.21181630343198776,0.0,1
5f8cb49d-b4e8-4605-8684-b3f0846a5e21,0.35943738371133804,0.5337561070919037,0.0,5
4471ff17-4e07-43ce-a132-03c7bb5ba460,0.3563679978251457,0.37986157462000847,0.0,4
b39ccba5-63ef-4210-852f-5860f432e483,0.4900470972061157,0.3664705380797386,0.0,2
64941d50-2bfb-44c7-ae86-ba3e460836fa,0.7103401944041252,0.11261066049337387,0.062220651656389236,2
51369f2a-a537-4b70-b85f-079cb9d23fd9,0.2383943721652031,0.522192619740963,0.0467119999229908,0
df0d7ee8-0b16-4c33-b86d-3aff81e1e82a,0.5611464902758598,0.21077567338943481,0.06168683245778084,1
5c7c22ad-1674-48de-8dca-c50ca9d7e694,0.5464776754379272,0.2592540606856346,0.0,5
d6a5140a-30c6-4804-92ba-4a8940ff5d97,0.4852178394794464,0.20292503386735916,0.1173391081392765,1
4d31e4c6-32f5-47ad-84d6-694e1552e874,0.4725962355732918,0.38500549644231796,0.0,4
eec62bc9-e607-452c-bf1b-94bd11769256,0.6154132634401321,0.3234449028968811,0.0,4
37eefcba-7d71-47ac-a14c-1027f2752642,0.5777559503912926,0.23195431381464005,0.0,2
e35845e4-644e-48d6-89d7-87bb5d7fd9b6,0.49348045140504837,0.2169754058122635,0.10122134909033775,4
7d9a9083-abc7-4a12-b74f-65732dfa68ea,0.4811917543411255,0.44154462963342667,0.0,2
80dde70a-733a-430f-9f38-be41bdfe4c77,0.583492211997509,0.29617810249328613,0.0,5
4a725615-ac7e-4461-ae32-56920b806ed0,0.8161670789122581,0.05189381539821625,0.0,3
3a5cb418-01f4-4afc-85f8-3e9c28ef4888,0.5760003551840782,0.23683127760887146,0.05039318650960922,5
5c5b825a-4dce-4d65-b179-14fbf2b65ad9,0.3597456067800522,0.401558805257082,0.0,3
f29a893b-bf36-4b8e-b76e-51934d64d942,0.5848738923668861,0.22384053468704224,0.04478924348950386,5
9806f645-6c68-49ea-8527-4c57add1088c,0.6742272973060608,0.19138938188552856,0.0,2
69377967-2c31-41c4-b3db-2b258f1562e6,0.7321809604763985,0.2190261110663414,0.0,5
97f020c1-f3ef-4f34-8cdd-c795bc3648fe,0.8395356461405754,0.11539161950349808,0.0,2
e1c44e14-5824-4037-94a1-e30d0347743a,0.6927209123969078,0.0,0.12236085534095764,1
3631fb73-e45e-4da3-b7bc-300ca45804de,0.9344123899936676,0.0,0.0,1
9f997984-9365-41a1-9f29-67d2f59d208f,0.48184994608163834,0.43488480150699615,0.0,2
c7391982-14d2-4ea6-8421-9dce3d3ead9d,0.6094252206385136,0.1461344212293625,0.0,1
232d7a89-2024-45cc-9058-84204aaafc82,0.5046326033771038,0.3131896108388901,0.0,4
4d0f9a2a-82f2-456f-82b5-2caaf4fa9264,0.6173846870660782,0.20341645926237106,0.04948084056377411,5
6322f5b7-a96e-4bb2-a974-e6f574269837,0.608767606317997,0.291950810700655,0.0,5
1f0f6a93-bae7-44dd-bf82-d036606f41ee,0.7225034758448601,0.21685469895601273,0.0,0
30203070-100a-447e-9159-573bcb80ef07,0.7348957359790802,0.1497204750776291,0.0,4
de13278e-ee87-4ed9-b7a8-b4739dc66c23,0.7190656885504723,0.11209557950496674,0.06118042767047882,2
3dffbbd0-0476-4552-a9b8-51eded404b0d,0.7281092256307602,0.06266225129365921,0.04478924348950386,1
00bc7d8d-aa51-4cce-a764-cb94729143ca,0.6646123193204403,0.17403220385313034,0.0,1
debe7a70-485b-4c4f-b02b-d2e5dbc9166c,0.42626315355300903,0.3272358179092407,0.052291691303253174,5
edaa107c-43cf-4144-b503-e9091e7360d5,0.47253717482089996,0.4382532462477684,0.0,0
11daab39-4e2c-4846-9cee-006965296304,0.5999145060777664,0.3231397718191147,0.0,4
90bdf399-e083-4825-a27d-82bbe0d6695b,0.7946706563234329,0.11756974458694458,0.0,4
d178775c-0fdd-481d-9ec7-050050881ae2,0.6063401401042938,0.30744469165802,0.0,3
11205a81-8cfd-48cb-9f91-d6104410781e,0.6932430639863014,0.0665978416800499,0.05039318650960922,1
01c1d78d-81b3-41e7-ba09-065af9afe54e,0.5794548839330673,0.20344173163175583,0.060307517647743225,0
b4cb7be8-98e1-4e8b-bb01-ba8c2779f26e,0.5403249375522137,0.30989596247673035,0.0,2
9c052d79-114a-47d4-a851-ea080ce9f415,0.6115515604615211,0.34218785911798477,0.0,1
004e9e24-8bbb-4ab6-97cd-0117c3370d75,0.5994122847914696,0.2641960270702839,0.0,1
4749c05c-59b7-4205-8757-b44f7a88d59d,0.48250650614500046,0.42438695579767227,0.0,2
56e5efe0-4f2d-485e-93d8-1dc9977f6dc6,0.7326259166002274,0.19980858266353607,0.0,2
2c1109e6-48db-4930-b7aa-f791eb79bcc0,0.6160157397389412,0.22475771978497505,0.0,3
07a18f2c-c416-4efe-9db3-8ad82f930bce,0.32379986345767975,0.4396280348300934,0.04984237998723984,0
e206511d-da47-4abb-a2c9-6ca1421cf87a,0.787875022739172,0.11335837841033936,0.0,0
597eb7f2-563d-4e44-a903-55c9182bc2a5,0.6920687854290009,0.22729184478521347,0.0,2
2a46ae53-8514-4ec0-ac78-8431b99ab61d,0.5619980692863464,0.23636861890554428,0.04984237998723984,0
163a144d-5411-4f3b-9035-0a1deb77a4d8,0.702669583261013,0.22537433356046677,0.0,5
ef173f0f-68e4-43e6-a5f9-e0ce15183773,0.8432335779070854,0.09100034832954407,0.0,5
029bea4e-f38e-43df-9231-f0aec0e05ae9,0.6954366937279701,0.17179000005126,0.0,5
40a8c707-d387-4b49-8820-a781a1d11bf4,0.46320947259664536,0.4128590598702431,0.0,2
843a5695-2b98-45d8-8824-d8814cc1400a,0.8389482647180557,0.10286779701709747,0.0,2
b43967dd-5504-479a-be22-3ac1e0b6a4d4,0.7311631739139557,0.0962788313627243,0.05936691164970398,1
6d837ce5-9d8c-41af-bf93-09dcd1fd763c,0.6841176301240921,0.23723971843719482,0.0,3
11acc8bf-9366-4a75-b140-cbf0e470bf54,0.4778514504432678,0.39340007305145264,0.0,0
51098956-2886-44c2-bb3a-876286d10362,0.5376889742910862,0.2619922533631325,0.0,1
af127e4f-b50b-44b0-ab3b-d479034e0c81,0.5259790122509003,0.2983802482485771,0.0,2
a6f7c637-4b26-4ba5-8076-9c5b5ca58fbb,0.3665481433272362,0.3000304624438286,0.1107458807528019,5
b93436df-da72-4f94-9094-4738b89649b0,0.4586007297039032,0.39723944291472435,0.0,5
d2df3a25-c9d2-4fee-b197-7a83e39d4979,0.5381723865866661,0.33775799721479416,0.0,2
dcbbc6cd-d40d-456e-afd6-a2960ffd6cf3,0.7302711084485054,0.21745509654283524,0.0,5
1ca7c23c-4992-4a18-9bda-e54e2acd44f5,0.4714752212166786,0.2367936074733734,0.11784551292657852,3
1a123411-ed36-4fde-ae34-7ba33513eb5c,0.49102964252233505,0.33648236095905304,0.062220651656389236,4
95f92d29-fc25-4384-a1ed-d4c1c10304d8,0.7403149455785751,0.23636861890554428,0.0,0
99b27c94-43b2-4d01-94f1-7f13ce79a037,0.5943454056978226,0.32932280004024506,0.0,0
c1a8b8fa-9f6c-4640-a512-e640c0431721,0.5757162943482399,0.3117535188794136,0.0,5
64d3dc01-ccf9-4376-a2c6-45c6fdfeda13,0.3662036284804344,0.505184818059206,0.0,1
a4dabf16-ff31-4b16-9526-2a650bc195ea,0.8530128374695778,0.11580163240432739,0.0,3
1b2d69e3-ea57-4f22-9b46-faf7320839cf,0.8558029010891914,0.08606945723295212,0.0,2
ce5bf7f4-5d7f-45d3-b75a-d804f2d18b0b,0.7725242935121059,0.10039275884628296,0.0,1
27c374ac-c6c1-4e22-8d1f-868e574ee62b,0.8295858129858971,0.11250977218151093,0.0,2
1cb1eff9-11ea-4159-9b7c-380e77e8fe4a,0.4854857251048088,0.45619357377290726,0.0,2
8c72eb2d-d45a-4a6e-bc9e-40fd1f366f7d,0.35961877554655075,0.45999033749103546,0.06168683245778084,2
0e7e6ae2-c4ac-410f-88a4-c72dca2a82dd,0.5784262791275978,0.27412986382842064,0.0,3
a0781e5c-2244-42ca-9a80-f7a20c338053,0.47928621619939804,0.43508031964302063,0.0,3
c1d2c096-363a-40a0-8575-22793d73d521,0.5763632878661156,0.33380258828401566,0.0,5
052207c4-6023-45b5-a1fa-12b961a254b5,0.6103637218475342,0.29504476487636566,0.0,5
4677b38d-aa19-49fb-8c01-7681236308e3,0.603020690381527,0.2117592990398407,0.056158680468797684,0
8bb7b630-4550-4273-b8b6-c6a6ee08e44c,0.2417091727256775,0.5185421034693718,0.06118042767047882,2
4bdd83b7-2c13-4c11-a0e9-12a2c87feeca,0.8431813046336174,0.1183815598487854,0.0,5
a1c3c6c3-cf68-473f-889d-be011d782d5a,0.37051208317279816,0.3528323620557785,0.1130630299448967,1
bb4ce99a-68a3-41e4-a9fd-610115a970b6,0.570771299302578,0.29831983149051666,0.0,3
81e06cee-2484-44e1-9c8e-3e92c6b24067,0.8612001314759254,0.11345616728067398,0.0,2
54df2cd0-f444-453c-9bcd-3c2a1096bb3b,0.5607191920280457,0.2484300620853901,0.0,3
e61c349f-d9ef-4e12-b632-9a1263c162a4,0.6709380000829697,0.11250977218151093,0.06168683245778084,2
f48d1e44-7e02-4a5f-a10a-3f91e6be926b,0.5364864952862263,0.2700574994087219,0.0,4
bd01d72f-d061-4b6d-b76b-76abe053fd2c,0.6359938718378544,0.2146603912115097,0.0,1
702546ce-c375-4b9e-9774-b13549df12bc,0.5741134807467461,0.34211625903844833,0.0,1
eadc3f9b-326c-4c17-88f5-f572cbf7a8f0,0.6980978697538376,0.17582040652632713,0.0,3
8b0aa629-94fd-4b34-9dc2-af666c343036,0.5884092003107071,0.3354794755578041,0.0,4
db287ed8-d3b7-4d70-b63d-30f8387fe8e3,0.6899450197815895,0.15314412489533424,0.0,1
167ae02c-d65a-435f-8478-164a7022726d,0.9560689181089401,0.0,0.0,5
3f69720a-ae07-4884-8ee6-ca89321acfe8,0.6124312654137611,0.3189230412244797,0.0,5
0a468a59-71d1-4580-b9a6-8c0cae38040a,0.6451704315841198,0.10972552746534348,0.05936691164970398,0
0450d142-dd7b-40ff-9c4a-222c2661bbbd,0.8546392843127251,0.1183815598487854,0.0,1
6f6b7a63-2b1c-456a-9a7f-93648680180c,0.6144134774804115,0.058894410729408264,0.12390748411417007,3
8898ef43-9da6-4f74-a932-19a1255ee1d7,0.5305153243243694,0.22972966730594635,0.05936691164970398,4
35db7e7e-526b-40d1-bd46-702c601a9d05,0.44220101088285446,0.4113370440900326,0.0,4
c1f872ae-953a-42c0-b363-f07651a68ab2,0.5800167471170425,0.21850620955228806,0.05039318650960922,3
81a7463d-4b73-4f4f-9ec6-b62788353d39,0.8482105508446693,0.11624068766832352,0.0,2
74664359-f9e4-4bca-9c9a-48b94ba5d662,0.49303170293569565,0.32805531471967697,0.0,2
8eafae45-8aa1-4fc1-aad8-6489b247b4ce,0.7239961102604866,0.11652345955371857,0.04948084056377411,4
f85507cb-e3a2-4d5d-abed-ecaf2789e7c0,0.73765779286623,0.22449427843093872,0.0,0
8e6d9806-272a-488d-a487-2c0c8a398152,0.5686493292450905,0.19060688465833664,0.05039318650960922,3
d26192f5-fafc-434d-bdd6-e91ef815fa28,0.8156055808067322,0.0,0.052291691303253174,0
b9deb580-0405-48dd-91ae-238d8b290616,0.5161348953843117,0.34677401930093765,0.0,1
1f7db0a0-7428-4213-b479-13f39093f700,0.5508182570338249,0.258568674325943,0.0,1
af1dbaa2-69cc-476f-8eff-85e32b070b9d,0.8594296723604202,0.05785393714904785,0.0,0
da431e11-307c-4729-97b7-c24a98e26bf8,0.560754232108593,0.3203471451997757,0.0,5
5159e57d-a53e-424c-886a-321231760c28,0.5560966059565544,0.3452592119574547,0.0,1
fb375df4-71ec-4db9-8a49-0e99cf913832,0.8102553710341454,0.11796178668737411,0.0,3
81a7ae74-068e-4c6a-b299-6771241bc705,0.47868695110082626,0.4415052533149719,0.0,3
9e77bf86-b555-4fbf-9abc-63ec8d20029c,0.5195778384804726,0.290661945939064,0.0,0
51e9b67b-ca1a-424c-b9d1-6cbead4338e2,0.8467292636632919,0.09111614525318146,0.0,0
6b09042d-1700-4b6a-ac8d-40d0fa50527d,0.7399920150637627,0.20951101183891296,0.0,5
4d3dafb8-b854-44a5-8615-62562987145c,0.8263260871171951,0.08726546913385391,0.0,5
cf2d556d-a7aa-4187-8a25-b2cc07ae703d,0.4840018227696419,0.31009357422590256,0.06273359060287476,1
a35a116c-e547-4744-a3f9-60adaf7c2e31,0.4444030150771141,0.4470534473657608,0.0,1
2bdf3a14-65d5-4cf7-8333-98bcb79c20a0,0.6827504634857178,0.1615043729543686,0.0,0
331799d7-cfea-449c-9f67-d51e4aa19bcb,0.5914549827575684,0.32943569868803024,0.0,2
1e8a9fb6-8f5a-411a-9ec0-ed4cc9ca12ab,0.36326858401298523,0.5740487352013588,0.0,0
9abcd8f7-33fc-47e8-a2f2-f6f5e1b743c2,0.6075874716043472,0.3287518545985222,0.0,4
8fc93b51-d1e5-4cfe-bdb4-4316648aa074,0.4222671501338482,0.28996467217803,0.05039318650960922,3
558cf4da-2f70-4b6f-8af8-a5d951d35f5d,0.4788268432021141,0.3777582496404648,0.0,4
3d65ffd7-0c53-488e-bbd4-b6c162d6d31c,0.8525932282209396,0.10317806899547577,0.0,4
9ca9d0fb-b4d9-4845-9845-a16bb6a0a2b5,0.5724336206912994,0.15609579533338547,0.06168683245778084,3
ae5f3cd6-e35e-4b35-a121-e0d84ae83e8e,0.6155958473682404,0.19332977384328842,0.052291691303253174,2
374fb38f-6d09-4807-b745-368be9717a26,0.5756165236234665,0.2292248085141182,0.05039318650960922,0
1fe31780-37cc-4f8e-adec-d67150c7fe2c,0.5571225956082344,0.3524891212582588,0.0,1
1049ee8f-ef4f-44fb-86d5-437a20c2634a,0.7427722476422787,0.11335837841033936,0.0,4
fbddf249-95d7-4897-9fc5-41044579896e,0.6047633662819862,0.32182329148054123,0.0,3
560330ad-220d-4f98-bf65-8d30a12671de,0.6613084524869919,0.17620433866977692,0.0,2
04b68717-5f1d-4d04-aed5-9167d12e8326,0.4839508682489395,0.3496870920062065,0.062220651656389236,2
810814a3-0825-45c5-9827-1446da494100,0.4886917546391487,0.42327070981264114,0.0,2
c604ce3a-48e9-4e39-b63b-9697e7686fef,0.643856905400753,0.225668802857399,0.0,5
2430f1a0-25d0-4fa1-937d-ca1a7ae72de9,0.711081326007843,0.19698620587587357,0.0,1
1c116486-9249-468e-9c8b-9526b1802ce0,0.46986157447099686,0.39439528807997704,0.0,4
acf52a80-f120-4384-93f1-4882f87e837b,0.48851073533296585,0.28026217967271805,0.0,4
d3c71b87-ec52-4678-8aa4-cb578fda3e8a,0.6687078811228275,0.0757097601890564,0.056158680468797684,1
1c82fe77-26f7-489e-8f76-8588515b6f0e,0.4906092658638954,0.4240637943148613,0.0,0
4c2ad327-1937-4b1f-b885-8820e5e104cb,0.548191525042057,0.350003220140934,0.0,5
f8b3cb87-fefe-4fd2-929b-5e8055164786,0.7271764203906059,0.10424403846263885,0.051026489585638046,2
d4b38c5c-0882-433f-85ea-e2cf87bde8d7,0.6148071065545082,0.3492728918790817,0.0,2
d92884c6-1146-4515-9428-baa9558ce8da,0.3577619269490242,0.4222186356782913,0.0467119999229908,3
a6f91e21-89ee-4c27-b3fe-e5d3f2204286,0.8381787687540054,0.10094132274389267,0.0,5
53966f5a-f709-45bf-b8d1-df6210fc059c,0.45302237570285797,0.47289229184389114,0.0,0
76d24a96-53bc-4b22-8b69-5cf1f64663a9,0.6049046441912651,0.2776765525341034,0.0,0
7a3ad361-b9d0-4333-935e-15cedd1a05a5,0.4762260653078556,0.3139132782816887,0.0,5
d08d7f52-360f-46f2-a946-43ab91c25fe8,0.8570896163582802,0.11209557950496674,0.0,3
1bf36936-6fa1-43b7-b266-159b0027ad64,0.8269784599542618,0.11345616728067398,0.0,2
7d11fbd6-3715-40a6-9240-c3ebf8c88a74,0.4439735487103462,0.42319153994321823,0.0,5
f632fdce-3393-4231-b23e-52cee34687cc,0.8616950809955597,0.11903569102287292,0.0,1
3e13b728-9156-4c12-9afb-ce9082b159e9,0.4897119626402855,0.39483440667390823,0.0,4
d28918b9-065a-4c35-b4b2-38899783594a,0.3554767668247223,0.31025926023721695,0.0946316234767437,1
8199fb57-8893-447b-bc84-de1f9b1f9db2,0.6113701611757278,0.297907330095768,0.0,2
9129a1f8-e8be-49cb-8236-36c8fb264992,0.7378324940800667,0.22485896944999695,0.0,3
6424a58c-edd0-4e17-805d-70318b08ea56,0.6786206662654877,0.17409485578536987,0.0,2
e590aad1-b812-41b2-877b-3c68b7e03e79,0.8352185934782028,0.1183815598487854,0.0,4
5a23a8ae-29b9-4fff-a638-2e9c759b8dad,0.5106800980865955,0.25815004482865334,0.0,2
14c6ec3d-e351-40ef-8a82-8067535183db,0.4823659062385559,0.33138515055179596,0.05039318650960922,0
5b2771e6-a0df-436e-a247-2d12a0b7f5ec,0.6097590997815132,0.27724895626306534,0.0,3
bf883fe3-0506-4867-b911-eb4a4dccd54e,0.9203473553061485,0.0,0.0,0
dd18210c-6f46-4714-9849-0084d5c18971,0.7183048874139786,0.2320224866271019,0.0,1
c33752d0-9d2e-4645-a347-d70bd23de45d,0.6467041522264481,0.1776406690478325,0.0,2
ce923219-9dcf-4b47-a481-8bfcf779c65f,0.7045862376689911,0.19645636528730392,0.0,0
dc2d2aa9-2536-4d9f-84a8-b275db11129f,0.365775253623724,0.43608638644218445,0.0,4
20656988-337e-4865-b3d3-4a5b17d186c2,0.6111554354429245,0.2265830561518669,0.04948084056377411,0
4e45235e-af0f-4eb7-87cc-fb39e24945ac,0.6882071495056152,0.14643536508083344,0.0,3
da0a6b2e-e1e6-4627-9567-9d4413ac1851,0.6988095715641975,0.184559628367424,0.0,1
27be513f-540d-4526-a9ba-6e412b1201e5,0.4739382043480873,0.4125022664666176,0.0,3
0bb9144b-a3a8-48e3-847e-0886e5e2fb29,0.9602067023515701,0.0,0.0,5
64462e40-ec20-411a-a248-ec957a7fa38d,0.7255287021398544,0.11221813410520554,0.056158680468797684,3
240c97f8-3730-47d1-85db-0eccab1bc832,0.42799142375588417,0.18008337169885635,0.1026848778128624,1
4a16b38b-d54b-4742-996a-b8b5d8a2ad31,0.48684729635715485,0.16735058277845383,0.1125992089509964,1
fea85d92-437b-46cc-868f-8fcc58f08b38,0.6702346131205559,0.22391638904809952,0.0,5
cf93f8d9-53f8-4017-a28c-20f9d10ea737,0.727490983903408,0.20349808037281036,0.0,1
b5773d13-74ea-4a93-8596-0b15b6c7f8f6,0.7045246139168739,0.20622864365577698,0.0,0
e244f5d9-b712-47ae-890d-c40928338bef,0.7101360186934471,0.22741647064685822,0.0,3
7817780d-ad30-48fe-8a3e-4c7038380fb8,0.7332859709858894,0.1911797970533371,0.0,4
f92ec970-8f00-424f-9b52-39627304420f,0.7080444470047951,0.23634334653615952,0.0,3
58a04ff3-8d48-40b2-a7fb-1c9265fd6f4e,0.3691045716404915,0.4798955097794533,0.0,2
63142414-f86a-4d8c-9b88-302f3d43494e,0.8306785821914673,0.11478207260370255,0.0,5
3d802515-8fe7-4a62-abcb-6cdc249761ca,0.6108201816678047,0.3208678886294365,0.0,5
7aed4f79-eb2c-4726-9126-ac174eecfb52,0.7359867766499519,0.224765844643116,0.0,2
f5c5c564-0952-424e-be08-c1a5c37a2af8,0.4650339260697365,0.4327996298670769,0.0,3
d0f80be3-1564-4389-ac44-378114b960df,0.9317488074302673,0.0,0.0,3
59db1618-2421-49db-adf2-d9370569221b,0.6708320714533329,0.22460535168647766,0.0,3
53ae9abf-35f8-49cc-b900-9e365ab109c8,0.7316041514277458,0.17696991562843323,0.0,5
4ed8945b-858f-474b-89f7-667b18234c35,0.8424315676093102,0.11261066049337387,0.0,2
05d8cf28-9e73-4c27-996c-b83fce42e91d,0.7406405210494995,0.20341645926237106,0.0,0
7581dad8-cdd3-4add-9bf5-105930a272b6,0.7290025874972343,0.2107742726802826,0.0,2
607cc0e3-8e64-4366-9b53-82216530234d,0.6050920709967613,0.2374134063720703,0.062220651656389236,5
19ea092d-a587-4852-be05-06fc1a589331,0.5205568410456181,0.3025774210691452,0.0,1
d737554b-e7b6-4e97-83a4-bd6f8f914d13,0.4132431484758854,0.408886194229126,0.0,1
221b4245-6fdc-46e4-a5b3-ecd263867169,0.6907614469528198,0.11652345955371857,0.056158680468797684,5
5eef2c19-5c02-42b7-a9e8-2638b425b8bf,0.5286685936152935,0.2856786288321018,0.0,1
1589d9c3-58d4-4c10-a593-89d61e70c017,0.5779893547296524,0.34161651134490967,0.0,0
8cd6fc38-f7c9-4e8f-84f2-ca03d25db76f,0.4854966849088669,0.3948253244161606,0.0,4
d10b6751-ac14-4d6f-a3f3-0cd987db3b91,0.8083729073405266,0.1183815598487854,0.0,4
83cf66cf-aa5b-4bcb-bbb7-0052193f9f55,0.6929778531193733,0.23167674988508224,0.0,1
3ffe4269-1638-4a0f-a68d-8837660b4a45,0.7279198616743088,0.18011677265167236,0.0,3
5e9c4312-16e7-441e-94db-3ea351b3206c,0.47871432453393936,0.40089835971593857,0.0,0
f98dae49-94ca-4cdd-92c9-64a180edc7d7,0.7122354656457901,0.15190740302205086,0.0,2
d491c15b-4449-4cda-9c52-58a0e7498ff9,0.5399473905563354,0.3086748793721199,0.0,3
cb41e9c1-e24b-438a-aab5-86df075dc9ca,0.6128720194101334,0.17632336914539337,0.04478924348950386,0
3af271e0-0d51-4654-85ff-42c3073ae47a,0.40933971479535103,0.42612331360578537,0.0,3
d7667308-94e4-4b94-abda-60e6232edab2,0.7048132047057152,0.22306989133358002,0.0,4
dbc12868-e578-4aac-91b8-c77f53a71c3e,0.5920482128858566,0.29781150072813034,0.0,1
e0a82647-f96d-42a8-bb89-58a663a2c22b,0.6001632884144783,0.17828582227230072,0.052291691303253174,3
cd01579b-3f8f-4b2e-8d53-336b6443f15b,0.5938327610492706,0.3370218351483345,0.0,2
71eeb7b3-eece-48d2-acc9-0fa3ec65150a,0.5958000645041466,0.2935379706323147,0.0,3
30ca8ecc-45da-4cb1-ac00-6a345e69856e,0.3002544604241848,0.3220405951142311,0.12210050225257874,2
1ace7a3f-272c-479d-8936-1d49dcf66a0c,0.7400337681174278,0.2351597249507904,0.0,4
c6c4e931-1793-4488-86f2-9d44633ea499,0.5734091326594353,0.28387928754091263,0.0,3
688acc29-aa53-4e08-89b4-4fad70cbf3de,0.5740569159388542,0.1698388010263443,0.051378969103097916,2
45d4c87d-4156-4e29-9bed-2dfb13dcc2c7,0.32165225595235825,0.49530594795942307,0.0,5
cf2b8f5b-d5f2-4192-920d-4f9d81895c65,0.8339806199073792,0.10663712024688721,0.0,2
0c2451db-ee93-46af-b053-481f56f4a417,0.5988664776086807,0.1934407353401184,0.04948084056377411,4
5d46702a-814e-49bb-8f32-6bfafea4e880,0.6139684244990349,0.23079335689544678,0.04984237998723984,5
d9d9e6aa-7c4e-4a84-a4e3-3db4c1bcb4c8,0.3761298172175884,0.41317106783390045,0.0,1
f04cd98c-8ce1-4b5b-b8fa-d44f436fbf27,0.3536127805709839,0.4718655198812485,0.0,4
b67d91f1-7b11-490b-827b-711fc3c9cefb,0.910333089530468,0.0,0.0,5
aaa4a552-ae49-412d-b858-416ee6e2f05d,0.24372470378875732,0.5544648692011833,0.0,4
7feff163-4898-40d7-be47-3bb20e03ad93,0.7685119658708572,0.0962788313627243,0.0,1
7fe54c05-eedb-4934-b691-78dd07a4d09a,0.8501386120915413,0.08726546913385391,0.0,5
ea6178c1-3f03-425c-b111-248b9cb6e194,0.49114926904439926,0.4238307327032089,0.0,0
a0b7946b-6ee8-4c6d-942a-0684ee392987,0.7386267781257629,0.20619290322065353,0.0,3
4dd1267f-99fb-40f4-8ba1-d0a7f49f4639,0.5292288847267628,0.29867106303572655,0.0,4
84f90c5c-68e8-4de6-9004-03e0e9f6f3f6,0.3615965321660042,0.4980480819940567,0.0,3
66f22afa-c014-4655-bf8f-c90b029453c9,0.608185201883316,0.3263277933001518,0.0,4
6c166864-92ea-4f28-8651-be96c89e7839,0.6729601286351681,0.12323584780097008,0.0,2
55052ea5-a1b7-49a0-b646-edc268f2ceae,0.5299741700291634,0.2578807845711708,0.0,3
364f137a-206a-4054-abcd-34f972e18292,0.48374151438474655,0.3898385763168335,0.0,3
0c76c9bc-c19c-4a7a-915d-40f68a7fd47d,0.35863861441612244,0.3990313336253166,0.051026489585638046,2
397a60de-bdee-4544-8d4c-b090d3928838,0.8525552302598953,0.11796178668737411,0.0,1
6d949edf-7b9c-4fee-b6a7-af23b7e107b2,0.7140459716320038,0.2341422513127327,0.0,1
43d6f331-021d-47c0-83c8-de8708a95edd,0.7214506343007088,0.23316363245248795,0.0,5
43ed71e4-d4c8-4c22-97b5-917f0e5d76fc,0.551199022680521,0.2710541933774948,0.0,1
f74211b1-2bd9-4893-8d81-ca3850fe1404,0.45653751492500305,0.3146815747022629,0.06118042767047882,0
c173a9eb-c9c9-4452-bcc5-07c371b0f618,0.49159880727529526,0.43262073397636414,0.0,2
dbc0fa57-120b-4f61-b930-8b809d0ccc8b,0.5780741050839424,0.34643979370594025,0.0,3
8769c2b4-5704-4337-985c-8726da5f7412,0.5787505134940147,0.18590109795331955,0.0467119999229908,3
85c3d104-ae2a-46db-9638-586e3c45f196,0.7408430725336075,0.22367627173662186,0.0,3
f1131404-fc67-44d7-8a54-a7d74ec61df8,0.4912604093551636,0.32044225186109543,0.05039318650960922,3
aa78e477-786d-4567-b3ec-fc4a64132869,0.4599846228957176,0.3924017734825611,0.0,1
32da7cf8-4608-410d-b470-172d9f22e3b8,0.8182100802659988,0.11402668058872223,0.0,2
0e2ca4ed-a227-44dc-9dd1-ff73c45b8987,0.8489920720458031,0.11357322335243225,0.0,0
cb795a31-4d14-47af-8c79-fc051d88c6f3,0.713760182261467,0.11303924769163132,0.05188260227441788,3
75a88945-4bad-4b6d-9a9c-43f70b2a04c9,0.8099453449249268,0.11402668058872223,0.0,2
5c479e10-63d3-4ff5-93c2-6c52f505fe58,0.4918596148490906,0.4640766903758049,0.0,5
2ab4da35-f8ab-439d-8424-8dc929f682c1,0.7874178774654865,0.11520044505596161,0.0,1
ffe2845f-e225-44ef-8175-cd173473e3d2,0.6886241063475609,0.09807751327753067,0.06273359060287476,3
6a59648b-db15-4b2e-8082-245aa23a4aee,0.35061123967170715,0.4319196566939354,0.05936691164970398,5
cf3ce3ac-2aae-4d60-be6f-6c972b52dff0,0.5941344276070595,0.3394913449883461,0.0,1
b8f14605-1b70-4604-8e7a-6fdbca446b2d,0.8269809633493423,0.11492239683866501,0.0,1
5084d23b-b593-4f90-9006-5c9ced16e9f8,0.48085779696702957,0.4558267593383789,0.0,3
f285463b-1b1e-4fe9-9e1b-22d6fac2f12f,0.4211956858634949,0.3891923353075981,0.0,1
df5aebfe-f0fc-409b-8f28-e08282bbe613,0.4895302802324295,0.3289719521999359,0.04984237998723984,4
03bd0f3c-30ae-401c-af57-8ecdbed74664,0.578550398349762,0.26925046741962433,0.0,3
bb028f7e-26cc-4c91-964d-6ac1de809254,0.48782969266176224,0.32263295352458954,0.0,2
eefd0402-8897-4ef5-bae3-db7895c362a1,0.7046675682067871,0.21114274859428406,0.0,4
516a33ab-f448-4a39-bfaa-d1765e6aca11,0.847972460091114,0.11903569102287292,0.0,5
76be271a-1c41-43ee-96cb-fd7fba801be2,0.7107827886939049,0.21067657321691513,0.0,3
4407d3ce-1cec-4cab-91b9-a83651f4b952,0.6962561458349228,0.21675129234790802,0.0,0
e002d5c8-e0eb-42c1-9e2f-17a1537435cc,0.5417541414499283,0.3414461836218834,0.0,0
2c920885-c7af-40ad-8073-c52f458ac39d,0.7299953028559685,0.2357395514845848,0.0,3
